M_g,beta,beta_over_bc,beta_2012_08151,channel,xi,int_h2_damped,peak_h2_damped,f_peak
1.0e+00,1.4574e-05,3.000e+00,7.494e-04,LIN-UV,1.0,2.5546e-16,3.6446e-16,2.8215e+06
1.0e+00,1.4574e-05,3.000e+00,7.494e-04,LIN-NL,1.0,9.9652e-17,1.4880e-16,1.7805e+06
1.0e+00,1.4574e-05,3.000e+00,7.494e-04,NL-A,1.0,2.1527e-16,2.7396e-16,2.8215e+06
1.0e+00,1.4574e-05,3.000e+00,7.494e-04,NL-B,1.0,2.1527e-16,2.7396e-16,2.8215e+06
1.0e+00,1.4574e-05,3.000e+00,7.494e-04,NL-A+F,1.0,1.3908e-16,1.6628e-16,2.8215e+06
1.0e+00,1.4574e-05,3.000e+00,7.494e-04,NL-B+F,1.0,1.3908e-16,1.6627e-16,2.8215e+06
1.0e+00,1.4574e-05,3.000e+00,7.494e-04,NL-A,1.8,2.0320e-16,2.4908e-16,2.8215e+06
1.0e+00,1.4574e-05,3.000e+00,7.494e-04,NL-B,1.8,2.0320e-16,2.4907e-16,2.8215e+06
1.0e+00,1.4574e-05,3.000e+00,7.494e-04,NL-A+F,1.8,1.7032e-16,2.0118e-16,2.8215e+06
1.0e+00,1.4574e-05,3.000e+00,7.494e-04,NL-B+F,1.8,1.7032e-16,2.0117e-16,2.8215e+06
1.0e+00,3.7824e-05,7.786e+00,7.494e-04,LIN-UV,1.0,4.5939e-14,6.5522e-14,2.9994e+06
1.0e+00,3.7824e-05,7.786e+00,7.494e-04,LIN-NL,1.0,1.7396e-15,2.8996e-15,8.7518e+05
1.0e+00,3.7824e-05,7.786e+00,7.494e-04,NL-A,1.0,1.8840e-14,1.6855e-14,2.2045e+06
1.0e+00,3.7824e-05,7.786e+00,7.494e-04,NL-B,1.0,1.8840e-14,1.6855e-14,2.2045e+06
1.0e+00,3.7824e-05,7.786e+00,7.494e-04,NL-A+F,1.0,1.0248e-14,8.6364e-15,1.8899e+06
1.0e+00,3.7824e-05,7.786e+00,7.494e-04,NL-B+F,1.0,1.0248e-14,8.6364e-15,1.8899e+06
1.0e+00,3.7824e-05,7.786e+00,7.494e-04,NL-A,1.8,1.4960e-14,1.3234e-14,1.8899e+06
1.0e+00,3.7824e-05,7.786e+00,7.494e-04,NL-B,1.8,1.4960e-14,1.3234e-14,1.8899e+06
1.0e+00,3.7824e-05,7.786e+00,7.494e-04,NL-A+F,1.8,1.1673e-14,9.9536e-15,1.8899e+06
1.0e+00,3.7824e-05,7.786e+00,7.494e-04,NL-B+F,1.8,1.1673e-14,9.9536e-15,1.8899e+06
1.0e+00,9.8165e-05,2.021e+01,7.494e-04,LIN-UV,1.0,7.3748e-12,1.0602e-11,3.0715e+06
1.0e+00,9.8165e-05,2.021e+01,7.494e-04,LIN-NL,1.0,1.5917e-14,2.9938e-14,4.1431e+05
1.0e+00,9.8165e-05,2.021e+01,7.494e-04,NL-A,1.0,6.5052e-13,3.8052e-13,1.2184e+06
1.0e+00,9.8165e-05,2.021e+01,7.494e-04,NL-B,1.0,6.5053e-13,3.8052e-13,1.2184e+06
1.0e+00,9.8165e-05,2.021e+01,7.494e-04,NL-A+F,1.0,2.1994e-13,1.6808e-13,8.9527e+05
1.0e+00,9.8165e-05,2.021e+01,7.494e-04,NL-B+F,1.0,2.1994e-13,1.6808e-13,8.9527e+05
1.0e+00,9.8165e-05,2.021e+01,7.494e-04,NL-A,1.8,3.4561e-13,2.7051e-13,1.0444e+06
1.0e+00,9.8165e-05,2.021e+01,7.494e-04,NL-B,1.8,3.4875e-13,2.7051e-13,1.0444e+06
1.0e+00,9.8165e-05,2.021e+01,7.494e-04,NL-A+F,1.8,2.3450e-13,1.9278e-13,8.9527e+05
1.0e+00,9.8165e-05,2.021e+01,7.494e-04,NL-B+F,1.8,2.3551e-13,1.9278e-13,8.9527e+05
1.0e+00,2.5477e-04,5.244e+01,7.494e-04,LIN-UV,1.0,1.1271e-09,1.6485e-09,3.0958e+06
1.0e+00,2.5477e-04,5.244e+01,7.494e-04,LIN-NL,1.0,7.8204e-14,1.7829e-13,1.9316e+05
1.0e+00,2.5477e-04,5.244e+01,7.494e-04,NL-A,1.0,1.0599e-11,6.1753e-12,1.4325e+06
1.0e+00,2.5477e-04,5.244e+01,7.494e-04,NL-B,1.0,1.1075e-11,6.1753e-12,1.4325e+06
1.0e+00,2.5477e-04,5.244e+01,7.494e-04,NL-A+F,1.0,2.4333e-12,1.7987e-12,4.8701e+05
1.0e+00,2.5477e-04,5.244e+01,7.494e-04,NL-B+F,1.0,2.4548e-12,1.7987e-12,4.8701e+05
1.0e+00,2.5477e-04,5.244e+01,7.494e-04,NL-A,1.8,3.9682e-12,3.0958e-12,5.6817e+05
1.0e+00,2.5477e-04,5.244e+01,7.494e-04,NL-B,1.8,4.4138e-12,3.0958e-12,5.6817e+05
1.0e+00,2.5477e-04,5.244e+01,7.494e-04,NL-A+F,1.8,2.3866e-12,2.0327e-12,4.8701e+05
1.0e+00,2.5477e-04,5.244e+01,7.494e-04,NL-B+F,1.8,2.4780e-12,2.0327e-12,4.8701e+05
1.0e+00,6.6122e-04,1.361e+02,7.494e-04,LIN-UV,1.0,1.6366e-07,2.4667e-07,3.1033e+06
1.0e+00,6.6122e-04,1.361e+02,7.494e-04,LIN-NL,1.0,1.5799e-13,5.0512e-13,1.2193e+05
1.0e+00,6.6122e-04,1.361e+02,7.494e-04,NL-A,1.0,7.7275e-11,4.9574e-11,9.0430e+05
1.0e+00,6.6122e-04,1.361e+02,7.494e-04,NL-B,1.0,9.5065e-11,4.9574e-11,9.0430e+05
1.0e+00,6.6122e-04,1.361e+02,7.494e-04,NL-A+F,1.0,1.4583e-11,1.1654e-11,3.0743e+05
1.0e+00,6.6122e-04,1.361e+02,7.494e-04,NL-B+F,1.0,1.5097e-11,1.1654e-11,3.0743e+05
1.0e+00,6.6122e-04,1.361e+02,7.494e-04,NL-A,1.8,2.4341e-11,1.9994e-11,3.0743e+05
1.0e+00,6.6122e-04,1.361e+02,7.494e-04,NL-B,1.8,3.2247e-11,1.9994e-11,3.0743e+05
1.0e+00,6.6122e-04,1.361e+02,7.494e-04,NL-A+F,1.8,1.3540e-11,1.2590e-11,3.0743e+05
1.0e+00,6.6122e-04,1.361e+02,7.494e-04,NL-B+F,1.8,1.4585e-11,1.2590e-11,3.0743e+05
1.0e+00,1.7161e-03,3.533e+02,7.494e-04,LIN-UV,1.0,2.1840e-05,3.4531e-05,3.1054e+06
1.0e+00,1.7161e-03,3.533e+02,7.494e-04,LIN-NL,1.0,2.1645e-13,8.2984e-13,8.9648e+04
1.0e+00,1.7161e-03,3.533e+02,7.494e-04,NL-A,1.0,2.8473e-10,1.8256e-10,6.6487e+05
1.0e+00,1.7161e-03,3.533e+02,7.494e-04,NL-B,1.0,4.0534e-10,1.8256e-10,6.6487e+05
1.0e+00,1.7161e-03,3.533e+02,7.494e-04,NL-A+F,1.0,5.4435e-11,5.2399e-11,2.2603e+05
1.0e+00,1.7161e-03,3.533e+02,7.494e-04,NL-B+F,1.0,5.6996e-11,5.2399e-11,2.2603e+05
1.0e+00,1.7161e-03,3.533e+02,7.494e-04,NL-A,1.8,8.6418e-11,7.9756e-11,2.2603e+05
1.0e+00,1.7161e-03,3.533e+02,7.494e-04,NL-B,1.8,1.3058e-10,7.9756e-11,2.2603e+05
1.0e+00,1.7161e-03,3.533e+02,7.494e-04,NL-A+F,1.8,4.8037e-11,5.1911e-11,2.2603e+05
1.0e+00,1.7161e-03,3.533e+02,7.494e-04,NL-B+F,1.8,5.2423e-11,5.1911e-11,2.2603e+05
1.0e+00,4.4538e-03,9.168e+02,7.494e-04,LIN-UV,1.0,2.5293e-03,4.2833e-03,3.1061e+06
1.0e+00,4.4538e-03,9.168e+02,7.494e-04,LIN-NL,1.0,2.5446e-13,1.0513e-12,7.6857e+04
1.0e+00,4.4538e-03,9.168e+02,7.494e-04,NL-A,1.0,6.5191e-10,3.8291e-10,5.7002e+05
1.0e+00,4.4538e-03,9.168e+02,7.494e-04,NL-B,1.0,9.9840e-10,3.8312e-10,5.7002e+05
1.0e+00,4.4538e-03,9.168e+02,7.494e-04,NL-A+F,1.0,1.4700e-10,1.7069e-10,1.9378e+05
1.0e+00,4.4538e-03,9.168e+02,7.494e-04,NL-B+F,1.0,1.5314e-10,1.7069e-10,1.9378e+05
1.0e+00,4.4538e-03,9.168e+02,7.494e-04,NL-A,1.8,2.0859e-10,2.2215e-10,1.9378e+05
1.0e+00,4.4538e-03,9.168e+02,7.494e-04,NL-B,1.8,3.2653e-10,2.2215e-10,1.9378e+05
1.0e+00,4.4538e-03,9.168e+02,7.494e-04,NL-A+F,1.8,1.2259e-10,1.5348e-10,1.9378e+05
1.0e+00,4.4538e-03,9.168e+02,7.494e-04,NL-B+F,1.8,1.3263e-10,1.5348e-10,1.9378e+05
1.0e+00,1.1559e-02,2.379e+03,7.494e-04,LIN-UV,1.0,2.3311e-01,4.2969e-01,3.1062e+06
1.0e+00,1.1559e-02,2.379e+03,7.494e-04,LIN-NL,1.0,3.0662e-13,8.5452e-13,6.5883e+04
1.0e+00,1.1559e-02,2.379e+03,7.494e-04,NL-A,1.0,1.1205e-09,7.3356e-10,1.9379e+05
1.0e+00,1.1559e-02,2.379e+03,7.494e-04,NL-B,1.0,1.7098e-09,7.3356e-10,1.9379e+05
1.0e+00,1.1559e-02,2.379e+03,7.494e-04,NL-A+F,1.0,3.0814e-10,4.0743e-10,1.9379e+05
1.0e+00,1.1559e-02,2.379e+03,7.494e-04,NL-B+F,1.0,3.1772e-10,4.0743e-10,1.9379e+05
1.0e+00,1.1559e-02,2.379e+03,7.494e-04,NL-A,1.8,3.8618e-10,4.6462e-10,1.9379e+05
1.0e+00,1.1559e-02,2.379e+03,7.494e-04,NL-B,1.8,3.7233e-09,1.5781e-09,1.4373e+06
1.0e+00,1.1559e-02,2.379e+03,7.494e-04,NL-A+F,1.8,2.4247e-10,3.2790e-10,1.9379e+05
1.0e+00,1.1559e-02,2.379e+03,7.494e-04,NL-B+F,1.8,6.1979e-10,3.8295e-10,2.2609e+05
1.0e+00,3.0000e-02,6.176e+03,7.494e-04,LIN-UV,1.0,1.5145e+01,3.0333e+01,3.1063e+06
1.0e+00,3.0000e-02,6.176e+03,7.494e-04,LIN-NL,1.0,2.4093e-13,1.1209e-12,6.5884e+04
1.0e+00,3.0000e-02,6.176e+03,7.494e-04,NL-A,1.0,1.5989e-09,1.2432e-09,1.9380e+05
1.0e+00,3.0000e-02,6.176e+03,7.494e-04,NL-B,1.0,2.4212e-09,1.2432e-09,1.9380e+05
1.0e+00,3.0000e-02,6.176e+03,7.494e-04,NL-A+F,1.0,5.1375e-10,7.2707e-10,1.9380e+05
1.0e+00,3.0000e-02,6.176e+03,7.494e-04,NL-B+F,1.0,5.2628e-10,7.2707e-10,1.9380e+05
1.0e+00,3.0000e-02,6.176e+03,7.494e-04,NL-A,1.8,5.8334e-10,7.4528e-10,1.9380e+05
1.0e+00,3.0000e-02,6.176e+03,7.494e-04,NL-B,1.8,6.5334e-09,2.7771e-09,1.4373e+06
1.0e+00,3.0000e-02,6.176e+03,7.494e-04,NL-A+F,1.8,3.8542e-10,5.5013e-10,1.6612e+05
1.0e+00,3.0000e-02,6.176e+03,7.494e-04,NL-B+F,1.8,1.0837e-09,6.7294e-10,2.2609e+05
1.0e+00,1.0000e-01,2.059e+04,7.494e-04,LIN-UV,1.0,1.4119e+03,3.6054e+03,3.6240e+06
1.0e+00,1.0000e-01,2.059e+04,7.494e-04,LIN-NL,1.0,2.8353e-13,1.2758e-12,6.5884e+04
1.0e+00,1.0000e-01,2.059e+04,7.494e-04,NL-A,1.0,2.0848e-09,1.8252e-09,1.9380e+05
1.0e+00,1.0000e-01,2.059e+04,7.494e-04,NL-B,1.0,3.0643e-09,1.8252e-09,1.9380e+05
1.0e+00,1.0000e-01,2.059e+04,7.494e-04,NL-A+F,1.0,7.5429e-10,1.1184e-09,1.9380e+05
1.0e+00,1.0000e-01,2.059e+04,7.494e-04,NL-B+F,1.0,7.6883e-10,1.1184e-09,1.9380e+05
1.0e+00,1.0000e-01,2.059e+04,7.494e-04,NL-A,1.8,7.9227e-10,1.0536e-09,1.9380e+05
1.0e+00,1.0000e-01,2.059e+04,7.494e-04,NL-B,1.8,9.8052e-09,4.1778e-09,1.4373e+06
1.0e+00,1.0000e-01,2.059e+04,7.494e-04,NL-A+F,1.8,5.4406e-10,8.1820e-10,1.6612e+05
1.0e+00,1.0000e-01,2.059e+04,7.494e-04,NL-B+F,1.8,1.6326e-09,1.0185e-09,2.2609e+05
1.0e+00,3.0000e-01,6.176e+04,7.494e-04,LIN-UV,1.0,3.4602e+04,1.0962e+05,3.6240e+06
1.0e+00,3.0000e-01,6.176e+04,7.494e-04,LIN-NL,1.0,3.0090e-13,1.3284e-12,6.5884e+04
1.0e+00,3.0000e-01,6.176e+04,7.494e-04,NL-A,1.0,2.3671e-09,2.1862e-09,1.9380e+05
1.0e+00,3.0000e-01,6.176e+04,7.494e-04,NL-B,1.0,3.4321e-09,2.1862e-09,1.9380e+05
1.0e+00,3.0000e-01,6.176e+04,7.494e-04,NL-A+F,1.0,9.0532e-10,1.3717e-09,1.9380e+05
1.0e+00,3.0000e-01,6.176e+04,7.494e-04,NL-B+F,1.0,9.2090e-10,1.3717e-09,1.9380e+05
1.0e+00,3.0000e-01,6.176e+04,7.494e-04,NL-A,1.8,9.1577e-10,1.2407e-09,1.9380e+05
1.0e+00,3.0000e-01,6.176e+04,7.494e-04,NL-B,1.8,1.2296e-08,5.2594e-09,1.4373e+06
1.0e+00,3.0000e-01,6.176e+04,7.494e-04,NL-A+F,1.8,6.4032e-10,9.8337e-10,1.6612e+05
1.0e+00,3.0000e-01,6.176e+04,7.494e-04,NL-B+F,1.8,2.0201e-09,1.2623e-09,2.2609e+05
1.0e+00,1.0000e+00,2.059e+05,7.494e-04,LIN-UV,1.0,3.7388e+05,1.3930e+06,3.6240e+06
1.0e+00,1.0000e+00,2.059e+05,7.494e-04,LIN-NL,1.0,3.0935e-13,1.3502e-12,6.5884e+04
1.0e+00,1.0000e+00,2.059e+05,7.494e-04,NL-A,1.0,2.5368e-09,2.4099e-09,1.9380e+05
1.0e+00,1.0000e+00,2.059e+05,7.494e-04,NL-B,1.0,3.6121e-09,2.4099e-09,1.9380e+05
1.0e+00,1.0000e+00,2.059e+05,7.494e-04,NL-A+F,1.0,9.9943e-10,1.5320e-09,1.9380e+05
1.0e+00,1.0000e+00,2.059e+05,7.494e-04,NL-B+F,1.0,1.0153e-09,1.5320e-09,1.9380e+05
1.0e+00,1.0000e+00,2.059e+05,7.494e-04,NL-A,1.8,9.9048e-10,1.3560e-09,1.6612e+05
1.0e+00,1.0000e+00,2.059e+05,7.494e-04,NL-B,1.8,1.3483e-08,5.7670e-09,1.4373e+06
1.0e+00,1.0000e+00,2.059e+05,7.494e-04,NL-A+F,1.8,6.9926e-10,1.0851e-09,1.6612e+05
1.0e+00,1.0000e+00,2.059e+05,7.494e-04,NL-B+F,1.8,2.2282e-09,1.3944e-09,2.2609e+05
1.0e+01,1.4574e-06,3.000e+00,1.467e-04,LIN-UV,1.0,9.8837e-18,1.4053e-17,4.2249e+05
1.0e+01,1.4574e-06,3.000e+00,1.467e-04,LIN-NL,1.0,3.5975e-18,5.2091e-18,2.4940e+05
1.0e+01,1.4574e-06,3.000e+00,1.467e-04,NL-A,1.0,8.2188e-18,1.0392e-17,4.2249e+05
1.0e+01,1.4574e-06,3.000e+00,1.467e-04,NL-B,1.0,8.2184e-18,1.0391e-17,4.2249e+05
1.0e+01,1.4574e-06,3.000e+00,1.467e-04,NL-A+F,1.0,5.7990e-18,6.9579e-18,4.2249e+05
1.0e+01,1.4574e-06,3.000e+00,1.467e-04,NL-B+F,1.0,5.7985e-18,6.9570e-18,4.2249e+05
1.0e+01,1.4574e-06,3.000e+00,1.467e-04,NL-A,1.8,7.7312e-18,9.4102e-18,4.2249e+05
1.0e+01,1.4574e-06,3.000e+00,1.467e-04,NL-B,1.8,7.7310e-18,9.4097e-18,4.2249e+05
1.0e+01,1.4574e-06,3.000e+00,1.467e-04,NL-A+F,1.8,6.8475e-18,8.0967e-18,4.2249e+05
1.0e+01,1.4574e-06,3.000e+00,1.467e-04,NL-B+F,1.8,6.8472e-18,8.0961e-18,4.2249e+05
1.0e+01,5.0439e-06,1.038e+01,1.467e-04,LIN-UV,1.0,8.5092e-15,1.2027e-14,4.5387e+05
1.0e+01,5.0439e-06,1.038e+01,1.467e-04,LIN-NL,1.0,1.2506e-16,2.1848e-16,9.2879e+04
1.0e+01,5.0439e-06,1.038e+01,1.467e-04,NL-A,1.0,2.2216e-15,1.7316e-15,2.6746e+05
1.0e+01,5.0439e-06,1.038e+01,1.467e-04,NL-B,1.0,2.2216e-15,1.7316e-15,2.6746e+05
1.0e+01,5.0439e-06,1.038e+01,1.467e-04,NL-A+F,1.0,1.1824e-15,9.3761e-16,2.2423e+05
1.0e+01,5.0439e-06,1.038e+01,1.467e-04,NL-B+F,1.0,1.1824e-15,9.3761e-16,2.2423e+05
1.0e+01,5.0439e-06,1.038e+01,1.467e-04,NL-A,1.8,1.5629e-15,1.2986e-15,2.2423e+05
1.0e+01,5.0439e-06,1.038e+01,1.467e-04,NL-B,1.8,1.5630e-15,1.2986e-15,2.2423e+05
1.0e+01,5.0439e-06,1.038e+01,1.467e-04,NL-A+F,1.8,1.2597e-15,1.0415e-15,2.2423e+05
1.0e+01,5.0439e-06,1.038e+01,1.467e-04,NL-B+F,1.8,1.2598e-15,1.0415e-15,2.2423e+05
1.0e+01,1.7457e-05,3.593e+01,1.467e-04,LIN-UV,1.0,6.4117e-12,9.0794e-12,4.6291e+05
1.0e+01,1.7457e-05,3.593e+01,1.467e-04,LIN-NL,1.0,2.0700e-15,3.9436e-15,3.2852e+04
1.0e+01,1.7457e-05,3.593e+01,1.467e-04,NL-A,1.0,1.6572e-13,9.8251e-14,2.2862e+05
1.0e+01,1.7457e-05,3.593e+01,1.467e-04,NL-B,1.0,1.6772e-13,9.8251e-14,2.2862e+05
1.0e+01,1.7457e-05,3.593e+01,1.467e-04,NL-A+F,1.0,5.0363e-14,2.9910e-14,9.4653e+04
1.0e+01,1.7457e-05,3.593e+01,1.467e-04,NL-B+F,1.0,5.0551e-14,2.9910e-14,9.4653e+04
1.0e+01,1.7457e-05,3.593e+01,1.467e-04,NL-A,1.8,6.3096e-14,4.7064e-14,9.4653e+04
1.0e+01,1.7457e-05,3.593e+01,1.467e-04,NL-B,1.8,6.8060e-14,4.7064e-14,9.4653e+04
1.0e+01,1.7457e-05,3.593e+01,1.467e-04,NL-A+F,1.8,4.4263e-14,3.3514e-14,7.9348e+04
1.0e+01,1.7457e-05,3.593e+01,1.467e-04,NL-B+F,1.8,4.5977e-14,3.3514e-14,7.9348e+04
1.0e+01,6.0416e-05,1.244e+02,1.467e-04,LIN-UV,1.0,4.6872e-09,6.6907e-09,4.6494e+05
1.0e+01,6.0416e-05,1.244e+02,1.467e-04,LIN-NL,1.0,1.5001e-14,3.5382e-14,1.3658e+04
1.0e+01,6.0416e-05,1.244e+02,1.467e-04,NL-A,1.0,4.1497e-12,2.8564e-12,1.1340e+05
1.0e+01,6.0416e-05,1.244e+02,1.467e-04,NL-B,1.0,5.5829e-12,2.8564e-12,1.1340e+05
1.0e+01,6.0416e-05,1.244e+02,1.467e-04,NL-A+F,1.0,8.5990e-13,4.6311e-13,3.2991e+04
1.0e+01,6.0416e-05,1.244e+02,1.467e-04,NL-B+F,1.0,9.2164e-13,4.6311e-13,3.2991e+04
1.0e+01,6.0416e-05,1.244e+02,1.467e-04,NL-A,1.8,1.1155e-12,8.0143e-13,3.9355e+04
1.0e+01,6.0416e-05,1.244e+02,1.467e-04,NL-B,1.8,1.6633e-12,8.0143e-13,3.9355e+04
1.0e+01,6.0416e-05,1.244e+02,1.467e-04,NL-A+F,1.8,6.8498e-13,5.2231e-13,3.2991e+04
1.0e+01,6.0416e-05,1.244e+02,1.467e-04,NL-B+F,1.8,7.7802e-13,5.2231e-13,3.2991e+04
1.0e+01,2.0910e-04,4.304e+02,1.467e-04,LIN-UV,1.0,3.3128e-06,4.8144e-06,4.6536e+05
1.0e+01,2.0910e-04,4.304e+02,1.467e-04,LIN-NL,1.0,3.7112e-14,1.2449e-13,6.7511e+03
1.0e+01,2.0910e-04,4.304e+02,1.467e-04,NL-A,1.0,3.7818e-11,2.7427e-11,5.6051e+04
1.0e+01,2.0910e-04,4.304e+02,1.467e-04,NL-B,1.0,8.4576e-11,2.9735e-11,2.2982e+05
1.0e+01,2.0910e-04,4.304e+02,1.467e-04,NL-A+F,1.0,6.5841e-12,4.1188e-12,1.6307e+04
1.0e+01,2.0910e-04,4.304e+02,1.467e-04,NL-B+F,1.0,7.5489e-12,4.1188e-12,1.6307e+04
1.0e+01,2.0910e-04,4.304e+02,1.467e-04,NL-A,1.8,8.9699e-12,6.9910e-12,1.9453e+04
1.0e+01,2.0910e-04,4.304e+02,1.467e-04,NL-B,1.8,2.2780e-11,7.1817e-12,2.2982e+05
1.0e+01,2.0910e-04,4.304e+02,1.467e-04,NL-A+F,1.8,5.1209e-12,4.4160e-12,1.6307e+04
1.0e+01,2.0910e-04,4.304e+02,1.467e-04,NL-B+F,1.8,6.2804e-12,4.4160e-12,1.6307e+04
1.0e+01,7.2367e-04,1.490e+03,1.467e-04,LIN-UV,1.0,2.1788e-03,3.2838e-03,4.6544e+05
1.0e+01,7.2367e-04,1.490e+03,1.467e-04,LIN-NL,1.0,5.2289e-14,1.7470e-13,4.7452e+03
1.0e+01,7.2367e-04,1.490e+03,1.467e-04,NL-A,1.0,1.3790e-10,9.4608e-11,3.9396e+04
1.0e+01,7.2367e-04,1.490e+03,1.467e-04,NL-B,1.0,4.2234e-10,1.5512e-10,2.2986e+05
1.0e+01,7.2367e-04,1.490e+03,1.467e-04,NL-A+F,1.0,2.6760e-11,2.3643e-11,1.3673e+04
1.0e+01,7.2367e-04,1.490e+03,1.467e-04,NL-B+F,1.0,3.0643e-11,2.3643e-11,1.3673e+04
1.0e+01,7.2367e-04,1.490e+03,1.467e-04,NL-A,1.8,3.5134e-11,3.3319e-11,1.3673e+04
1.0e+01,7.2367e-04,1.490e+03,1.467e-04,NL-B,1.8,1.1324e-10,3.7484e-11,2.2986e+05
1.0e+01,7.2367e-04,1.490e+03,1.467e-04,NL-A+F,1.8,2.0736e-11,2.2227e-11,1.3673e+04
1.0e+01,7.2367e-04,1.490e+03,1.467e-04,NL-B+F,1.8,2.5081e-11,2.2227e-11,1.3673e+04
1.0e+01,2.5046e-03,5.156e+03,1.467e-04,LIN-UV,1.0,1.2346e+00,1.9875e+00,4.6545e+05
1.0e+01,2.5046e-03,5.156e+03,1.467e-04,LIN-NL,1.0,6.8668e-14,1.9253e-13,4.7453e+03
1.0e+01,2.5046e-03,5.156e+03,1.467e-04,NL-A,1.0,2.8901e-10,1.7093e-10,3.3027e+04
1.0e+01,2.5046e-03,5.156e+03,1.467e-04,NL-B,1.0,9.6047e-10,3.4792e-10,2.2987e+05
1.0e+01,2.5046e-03,5.156e+03,1.467e-04,NL-A+F,1.0,7.2481e-11,8.5166e-11,1.1462e+04
1.0e+01,2.5046e-03,5.156e+03,1.467e-04,NL-B+F,1.0,7.9910e-11,8.5166e-11,1.1462e+04
1.0e+01,2.5046e-03,5.156e+03,1.467e-04,NL-A,1.8,8.4842e-11,9.6840e-11,1.1462e+04
1.0e+01,2.5046e-03,5.156e+03,1.467e-04,NL-B,1.8,2.4008e-09,1.0419e-09,2.2987e+05
1.0e+01,2.5046e-03,5.156e+03,1.467e-04,NL-A+F,1.8,5.4329e-11,7.1488e-11,1.1462e+04
1.0e+01,2.5046e-03,5.156e+03,1.467e-04,NL-B+F,1.8,1.7091e-10,8.1649e-11,1.6311e+04
1.0e+01,8.6682e-03,1.784e+04,1.467e-04,LIN-UV,1.0,5.2382e+02,9.3086e+02,4.6546e+05
1.0e+01,8.6682e-03,1.784e+04,1.467e-04,LIN-NL,1.0,5.3695e-14,2.3709e-13,3.9780e+03
1.0e+01,8.6682e-03,1.784e+04,1.467e-04,NL-A,1.0,4.4678e-10,3.0310e-10,1.1462e+04
1.0e+01,8.6682e-03,1.784e+04,1.467e-04,NL-B,1.0,1.4006e-09,4.8499e-10,2.2987e+05
1.0e+01,8.6682e-03,1.784e+04,1.467e-04,NL-A+F,1.0,1.3858e-10,1.8816e-10,1.1462e+04
1.0e+01,8.6682e-03,1.784e+04,1.467e-04,NL-B+F,1.0,1.4832e-10,1.8816e-10,1.1462e+04
1.0e+01,8.6682e-03,1.784e+04,1.467e-04,NL-A,1.8,1.4568e-10,1.8704e-10,1.1462e+04
1.0e+01,8.6682e-03,1.784e+04,1.467e-04,NL-B,1.8,5.6560e-09,2.4633e-09,2.2987e+05
1.0e+01,8.6682e-03,1.784e+04,1.467e-04,NL-A+F,1.8,9.9443e-11,1.4254e-10,1.1462e+04
1.0e+01,8.6682e-03,1.784e+04,1.467e-04,NL-B+F,1.8,3.8077e-10,1.8480e-10,1.6311e+04
1.0e+01,3.0000e-02,6.176e+04,1.467e-04,LIN-UV,1.0,1.3227e+05,2.6148e+05,4.6546e+05
1.0e+01,3.0000e-02,6.176e+04,1.467e-04,LIN-NL,1.0,6.3194e-14,2.7259e-13,3.9780e+03
1.0e+01,3.0000e-02,6.176e+04,1.467e-04,NL-A,1.0,5.6800e-10,4.4428e-10,1.1462e+04
1.0e+01,3.0000e-02,6.176e+04,1.467e-04,NL-B,1.0,1.6993e-09,5.7058e-10,2.2987e+05
1.0e+01,3.0000e-02,6.176e+04,1.467e-04,NL-A+F,1.0,1.9880e-10,2.8776e-10,1.1462e+04
1.0e+01,3.0000e-02,6.176e+04,1.467e-04,NL-B+F,1.0,2.0986e-10,2.8776e-10,1.1462e+04
1.0e+01,3.0000e-02,6.176e+04,1.467e-04,NL-A,1.8,1.9559e-10,2.6482e-10,1.1462e+04
1.0e+01,3.0000e-02,6.176e+04,1.467e-04,NL-B,1.8,8.5111e-09,3.7098e-09,2.2987e+05
1.0e+01,3.0000e-02,6.176e+04,1.467e-04,NL-A+F,1.8,1.3833e-10,2.0629e-10,1.1462e+04
1.0e+01,3.0000e-02,6.176e+04,1.467e-04,NL-B+F,1.8,5.7038e-10,2.7901e-10,1.6311e+04
1.0e+01,1.0000e-01,2.059e+05,1.467e-04,LIN-UV,1.0,1.2762e+07,2.6778e+07,5.5524e+05
1.0e+01,1.0000e-01,2.059e+05,1.467e-04,LIN-NL,1.0,6.7211e-14,2.8610e-13,3.9780e+03
1.0e+01,1.0000e-01,2.059e+05,1.467e-04,NL-A,1.0,6.3888e-10,5.3282e-10,1.1462e+04
1.0e+01,1.0000e-01,2.059e+05,1.467e-04,NL-B,1.0,1.8677e-09,6.1763e-10,2.2987e+05
1.0e+01,1.0000e-01,2.059e+05,1.467e-04,NL-A+F,1.0,2.3685e-10,3.5257e-10,1.1462e+04
1.0e+01,1.0000e-01,2.059e+05,1.467e-04,NL-B+F,1.0,2.4861e-10,3.5257e-10,1.1462e+04
1.0e+01,1.0000e-01,2.059e+05,1.467e-04,NL-A,1.8,2.2544e-10,3.1264e-10,1.1462e+04
1.0e+01,1.0000e-01,2.059e+05,1.467e-04,NL-B,1.8,1.0069e-08,4.3884e-09,2.2987e+05
1.0e+01,1.0000e-01,2.059e+05,1.467e-04,NL-A+F,1.8,1.6213e-10,2.4630e-10,1.1462e+04
1.0e+01,1.0000e-01,2.059e+05,1.467e-04,NL-B+F,1.8,6.8165e-10,3.3415e-10,1.6311e+04
1.0e+01,3.0000e-01,6.176e+05,1.467e-04,LIN-UV,1.0,3.2610e+08,8.6764e+08,5.5524e+05
1.0e+01,3.0000e-01,6.176e+05,1.467e-04,LIN-NL,1.0,6.8852e-14,2.9122e-13,3.9780e+03
1.0e+01,3.0000e-01,6.176e+05,1.467e-04,NL-A,1.0,6.7358e-10,5.7749e-10,1.1462e+04
1.0e+01,3.0000e-01,6.176e+05,1.467e-04,NL-B,1.0,1.9100e-09,6.2075e-10,2.2987e+05
1.0e+01,3.0000e-01,6.176e+05,1.467e-04,NL-A+F,1.0,2.5613e-10,3.8582e-10,1.1462e+04
1.0e+01,3.0000e-01,6.176e+05,1.467e-04,NL-B+F,1.0,2.6800e-10,3.8582e-10,1.1462e+04
1.0e+01,3.0000e-01,6.176e+05,1.467e-04,NL-A,1.8,2.4017e-10,3.3656e-10,1.1462e+04
1.0e+01,3.0000e-01,6.176e+05,1.467e-04,NL-B,1.8,1.0855e-08,4.7310e-09,2.2987e+05
1.0e+01,3.0000e-01,6.176e+05,1.467e-04,NL-A+F,1.8,1.7400e-10,2.6650e-10,1.1462e+04
1.0e+01,3.0000e-01,6.176e+05,1.467e-04,NL-B+F,1.8,7.3807e-10,3.6218e-10,1.6311e+04
1.0e+01,1.0000e+00,2.059e+06,1.467e-04,LIN-UV,1.0,3.6989e+09,1.1799e+10,5.5524e+05
1.0e+01,1.0000e+00,2.059e+06,1.467e-04,LIN-NL,1.0,6.9674e-14,2.9367e-13,3.9780e+03
1.0e+01,1.0000e+00,2.059e+06,1.467e-04,NL-A,1.0,6.9263e-10,6.0234e-10,1.1462e+04
1.0e+01,1.0000e+00,2.059e+06,1.467e-04,NL-B,1.0,1.9326e-09,6.2222e-10,2.2987e+05
1.0e+01,1.0000e+00,2.059e+06,1.467e-04,NL-A+F,1.0,2.6687e-10,4.0446e-10,1.1462e+04
1.0e+01,1.0000e+00,2.059e+06,1.467e-04,NL-B+F,1.0,2.7880e-10,4.0446e-10,1.1462e+04
1.0e+01,1.0000e+00,2.059e+06,1.467e-04,NL-A,1.8,2.4827e-10,3.4981e-10,1.1462e+04
1.0e+01,1.0000e+00,2.059e+06,1.467e-04,NL-B,1.8,1.1292e-08,4.9217e-09,2.2987e+05
1.0e+01,1.0000e+00,2.059e+06,1.467e-04,NL-A+F,1.8,1.8056e-10,2.7774e-10,1.1462e+04
1.0e+01,1.0000e+00,2.059e+06,1.467e-04,NL-B+F,1.8,7.6952e-10,3.7783e-10,1.6311e+04
1.0e+02,1.4574e-07,3.000e+00,2.871e-05,LIN-UV,1.0,3.5368e-19,4.9347e-19,6.6142e+04
1.0e+02,1.4574e-07,3.000e+00,2.871e-05,LIN-NL,1.0,1.2290e-19,1.8407e-19,3.6524e+04
1.0e+02,1.4574e-07,3.000e+00,2.871e-05,NL-A,1.0,2.9428e-19,3.8641e-19,5.4264e+04
1.0e+02,1.4574e-07,3.000e+00,2.871e-05,NL-B,1.0,2.9424e-19,3.8640e-19,5.4264e+04
1.0e+02,1.4574e-07,3.000e+00,2.871e-05,NL-A+F,1.0,2.2657e-19,2.8969e-19,5.4264e+04
1.0e+02,1.4574e-07,3.000e+00,2.871e-05,NL-B+F,1.0,2.2652e-19,2.8968e-19,5.4264e+04
1.0e+02,1.4574e-07,3.000e+00,2.871e-05,NL-A,1.8,2.7672e-19,3.5818e-19,5.4264e+04
1.0e+02,1.4574e-07,3.000e+00,2.871e-05,NL-B,1.8,2.7669e-19,3.5817e-19,5.4264e+04
1.0e+02,1.4574e-07,3.000e+00,2.871e-05,NL-A+F,1.8,2.5531e-19,3.2521e-19,5.4264e+04
1.0e+02,1.4574e-07,3.000e+00,2.871e-05,NL-B+F,1.8,2.5528e-19,3.2521e-19,5.4264e+04
1.0e+02,6.7261e-07,1.385e+01,2.871e-05,LIN-UV,1.0,1.4429e-15,1.9964e-15,7.1620e+04
1.0e+02,6.7261e-07,1.385e+01,2.871e-05,LIN-NL,1.0,7.6428e-18,1.2634e-17,1.1993e+04
1.0e+02,6.7261e-07,1.385e+01,2.871e-05,NL-A,1.0,2.3333e-16,1.5937e-16,5.8721e+04
1.0e+02,6.7261e-07,1.385e+01,2.871e-05,NL-B,1.0,2.3333e-16,1.5937e-16,5.8721e+04
1.0e+02,6.7261e-07,1.385e+01,2.871e-05,NL-A+F,1.0,1.2548e-16,8.8078e-17,2.6537e+04
1.0e+02,6.7261e-07,1.385e+01,2.871e-05,NL-B+F,1.0,1.2548e-16,8.8078e-17,2.6537e+04
1.0e+02,6.7261e-07,1.385e+01,2.871e-05,NL-A,1.8,1.3916e-16,1.0965e-16,2.6537e+04
1.0e+02,6.7261e-07,1.385e+01,2.871e-05,NL-B,1.8,1.3916e-16,1.0965e-16,2.6537e+04
1.0e+02,6.7261e-07,1.385e+01,2.871e-05,NL-A+F,1.8,1.1648e-16,9.2811e-17,2.6537e+04
1.0e+02,6.7261e-07,1.385e+01,2.871e-05,NL-B+F,1.8,1.1648e-16,9.2811e-17,2.6537e+04
1.0e+02,3.1043e-06,6.390e+01,2.871e-05,LIN-UV,1.0,5.0539e-12,6.9916e-12,7.2727e+04
1.0e+02,3.1043e-06,6.390e+01,2.871e-05,LIN-NL,1.0,2.0161e-16,4.0984e-16,3.0306e+03
1.0e+02,3.1043e-06,6.390e+01,2.871e-05,NL-A,1.0,2.9839e-14,1.9487e-14,2.2087e+04
1.0e+02,3.1043e-06,6.390e+01,2.871e-05,NL-B,1.0,3.3609e-14,1.9487e-14,2.2087e+04
1.0e+02,3.1043e-06,6.390e+01,2.871e-05,NL-A+F,1.0,9.4909e-15,4.3878e-15,2.2087e+04
1.0e+02,3.1043e-06,6.390e+01,2.871e-05,NL-B+F,1.0,9.9371e-15,4.3878e-15,2.2087e+04
1.0e+02,3.1043e-06,6.390e+01,2.871e-05,NL-A,1.8,8.6918e-15,6.0179e-15,9.9790e+03
1.0e+02,3.1043e-06,6.390e+01,2.871e-05,NL-B,1.8,1.0816e-14,6.0179e-15,9.9790e+03
1.0e+02,3.1043e-06,6.390e+01,2.871e-05,NL-A+F,1.8,6.4009e-15,4.5803e-15,8.1814e+03
1.0e+02,3.1043e-06,6.390e+01,2.871e-05,NL-B+F,1.8,7.1589e-15,4.5803e-15,8.1814e+03
1.0e+02,1.4327e-05,2.949e+02,2.871e-05,LIN-UV,1.0,1.7407e-08,2.4176e-08,7.2892e+04
1.0e+02,1.4327e-05,2.949e+02,2.871e-05,LIN-NL,1.0,2.9556e-15,6.3547e-15,9.2239e+02
1.0e+02,1.4327e-05,2.949e+02,2.871e-05,NL-A,1.0,1.0705e-12,7.8108e-13,8.1997e+03
1.0e+02,1.4327e-05,2.949e+02,2.871e-05,NL-B,1.0,2.5472e-12,9.5577e-13,4.0169e+04
1.0e+02,1.4327e-05,2.949e+02,2.871e-05,NL-A+F,1.0,2.3535e-13,1.1841e-13,8.1997e+03
1.0e+02,1.4327e-05,2.949e+02,2.871e-05,NL-B+F,1.0,2.8611e-13,1.1852e-13,8.1997e+03
1.0e+02,1.4327e-05,2.949e+02,2.871e-05,NL-A,1.8,2.3194e-13,1.5608e-13,3.0373e+03
1.0e+02,1.4327e-05,2.949e+02,2.871e-05,NL-B,1.8,6.4227e-13,2.2363e-13,4.0169e+04
1.0e+02,1.4327e-05,2.949e+02,2.871e-05,NL-A+F,1.8,1.4993e-13,1.0625e-13,2.4902e+03
1.0e+02,1.4327e-05,2.949e+02,2.871e-05,NL-B+F,1.8,1.9976e-13,1.0625e-13,2.4902e+03
1.0e+02,6.6122e-05,1.361e+03,2.871e-05,LIN-UV,1.0,5.8761e-05,8.2536e-05,7.2915e+04
1.0e+02,6.6122e-05,1.361e+03,2.871e-05,LIN-NL,1.0,1.0483e-14,2.9806e-14,4.1687e+02
1.0e+02,6.6122e-05,1.361e+03,2.871e-05,NL-A,1.0,1.2177e-11,8.9944e-12,3.7058e+03
1.0e+02,6.6122e-05,1.361e+03,2.871e-05,NL-B,1.0,7.5698e-11,3.2721e-11,4.0182e+04
1.0e+02,6.6122e-05,1.361e+03,2.871e-05,NL-A+F,1.0,2.2886e-12,1.2520e-12,1.1254e+03
1.0e+02,6.6122e-05,1.361e+03,2.871e-05,NL-B+F,1.0,3.0405e-12,1.2520e-12,1.1254e+03
1.0e+02,6.6122e-05,1.361e+03,2.871e-05,NL-A,1.8,2.5822e-12,1.9994e-12,1.1254e+03
1.0e+02,6.6122e-05,1.361e+03,2.871e-05,NL-B,1.8,1.8313e-11,7.6533e-12,4.0182e+04
1.0e+02,6.6122e-05,1.361e+03,2.871e-05,NL-A+F,1.8,1.5603e-12,1.3181e-12,1.1254e+03
1.0e+02,6.6122e-05,1.361e+03,2.871e-05,NL-B+F,1.8,2.2304e-12,1.3181e-12,1.1254e+03
1.0e+02,3.0517e-04,6.282e+03,2.871e-05,LIN-UV,1.0,1.8786e-01,2.7170e-01,7.2918e+04
1.0e+02,3.0517e-04,6.282e+03,2.871e-05,LIN-NL,1.0,1.1884e-14,4.6221e-14,2.8022e+02
1.0e+02,3.0517e-04,6.282e+03,2.871e-05,NL-A,1.0,4.5062e-11,3.0028e-11,2.4910e+03
1.0e+02,3.0517e-04,6.282e+03,2.871e-05,NL-B,1.0,4.2034e-10,1.8467e-10,4.0183e+04
1.0e+02,3.0517e-04,6.282e+03,2.871e-05,NL-A+F,1.0,1.0142e-11,9.2549e-12,7.5649e+02
1.0e+02,3.0517e-04,6.282e+03,2.871e-05,NL-B+F,1.0,1.2747e-11,9.2549e-12,7.5649e+02
1.0e+02,3.0517e-04,6.282e+03,2.871e-05,NL-A,1.8,1.1347e-11,1.1433e-11,7.5649e+02
1.0e+02,3.0517e-04,6.282e+03,2.871e-05,NL-B,1.8,1.0935e-10,4.6588e-11,4.0183e+04
1.0e+02,3.0517e-04,6.282e+03,2.871e-05,NL-A+F,1.8,7.2580e-12,8.3435e-12,7.5649e+02
1.0e+02,3.0517e-04,6.282e+03,2.871e-05,NL-B+F,1.8,9.6650e-12,8.3435e-12,7.5649e+02
1.0e+02,1.4084e-03,2.899e+04,2.871e-05,LIN-UV,1.0,5.2242e+02,8.0979e+02,7.2918e+04
1.0e+02,1.4084e-03,2.899e+04,2.871e-05,LIN-NL,1.0,1.4511e-14,3.6550e-14,2.8022e+02
1.0e+02,1.4084e-03,2.899e+04,2.871e-05,NL-A,1.0,8.9163e-11,5.4169e-11,7.5649e+02
1.0e+02,1.4084e-03,2.899e+04,2.871e-05,NL-B,1.0,8.5777e-10,3.7367e-10,4.0184e+04
1.0e+02,1.4084e-03,2.899e+04,2.871e-05,NL-A+F,1.0,2.6683e-11,3.0990e-11,7.5649e+02
1.0e+02,1.4084e-03,2.899e+04,2.871e-05,NL-B+F,1.0,3.0946e-11,3.0990e-11,7.5649e+02
1.0e+02,1.4084e-03,2.899e+04,2.871e-05,NL-A,1.8,2.6883e-11,3.1598e-11,7.5649e+02
1.0e+02,1.4084e-03,2.899e+04,2.871e-05,NL-B,1.8,3.2429e-09,1.5050e-09,4.0184e+04
1.0e+02,1.4084e-03,2.899e+04,2.871e-05,NL-A+F,1.8,1.8701e-11,2.4157e-11,6.2022e+02
1.0e+02,1.4084e-03,2.899e+04,2.871e-05,NL-B+F,1.8,8.1726e-11,3.2599e-11,1.1255e+03
1.0e+02,6.5002e-03,1.338e+05,2.871e-05,LIN-UV,1.0,1.0433e+06,1.8570e+06,7.2918e+04
1.0e+02,6.5002e-03,1.338e+05,2.871e-05,LIN-NL,1.0,1.0047e-14,4.3003e-14,2.2974e+02
1.0e+02,6.5002e-03,1.338e+05,2.871e-05,NL-A,1.0,1.2596e-10,9.3844e-11,7.5650e+02
1.0e+02,6.5002e-03,1.338e+05,2.871e-05,NL-B,1.0,1.0592e-09,4.5209e-10,4.0184e+04
1.0e+02,6.5002e-03,1.338e+05,2.871e-05,NL-A+F,1.0,4.4736e-11,5.6924e-11,7.5650e+02
1.0e+02,6.5002e-03,1.338e+05,2.871e-05,NL-B+F,1.0,4.9663e-11,5.6924e-11,7.5650e+02
1.0e+02,6.5002e-03,1.338e+05,2.871e-05,NL-A,1.8,4.1634e-11,5.2505e-11,6.2022e+02
1.0e+02,6.5002e-03,1.338e+05,2.871e-05,NL-B,1.8,6.2208e-09,2.8887e-09,4.0184e+04
1.0e+02,6.5002e-03,1.338e+05,2.871e-05,NL-A+F,1.8,3.0367e-11,4.3190e-11,6.2022e+02
1.0e+02,6.5002e-03,1.338e+05,2.871e-05,NL-B+F,1.8,1.5224e-10,6.1878e-11,1.1255e+03
1.0e+02,3.0000e-02,6.176e+05,2.871e-05,LIN-UV,1.0,1.0299e+09,2.2508e+09,7.2918e+04
1.0e+02,3.0000e-02,6.176e+05,2.871e-05,LIN-NL,1.0,1.1221e-14,4.7756e-14,2.2974e+02
1.0e+02,3.0000e-02,6.176e+05,2.871e-05,NL-A,1.0,1.4656e-10,1.1840e-10,7.5650e+02
1.0e+02,3.0000e-02,6.176e+05,2.871e-05,NL-B,1.0,1.1684e-09,4.9437e-10,4.0184e+04
1.0e+02,3.0000e-02,6.176e+05,2.871e-05,NL-A+F,1.0,5.6013e-11,7.3970e-11,7.5650e+02
1.0e+02,3.0000e-02,6.176e+05,2.871e-05,NL-B+F,1.0,6.1261e-11,7.3970e-11,7.5650e+02
1.0e+02,3.0000e-02,6.176e+05,2.871e-05,NL-A,1.8,5.0209e-11,6.5956e-11,6.2022e+02
1.0e+02,3.0000e-02,6.176e+05,2.871e-05,NL-B,1.8,7.7613e-09,3.6040e-09,4.0184e+04
1.0e+02,3.0000e-02,6.176e+05,2.871e-05,NL-A+F,1.8,3.7357e-11,5.4883e-11,6.2022e+02
1.0e+02,3.0000e-02,6.176e+05,2.871e-05,NL-B+F,1.8,1.9217e-10,7.8272e-11,1.1255e+03
1.0e+02,1.0000e-01,2.059e+06,2.871e-05,LIN-UV,1.0,9.8535e+10,2.5108e+11,7.2918e+04
1.0e+02,1.0000e-01,2.059e+06,2.871e-05,LIN-NL,1.0,1.1603e-14,4.9281e-14,2.2974e+02
1.0e+02,1.0000e-01,2.059e+06,2.871e-05,NL-A,1.0,1.5425e-10,1.2792e-10,7.5650e+02
1.0e+02,1.0000e-01,2.059e+06,2.871e-05,NL-B,1.0,1.2606e-09,5.3490e-10,4.0184e+04
1.0e+02,1.0000e-01,2.059e+06,2.871e-05,NL-A+F,1.0,6.0395e-11,8.0744e-11,7.5650e+02
1.0e+02,1.0000e-01,2.059e+06,2.871e-05,NL-B+F,1.0,6.5892e-11,8.0744e-11,7.5650e+02
1.0e+02,1.0000e-01,2.059e+06,2.871e-05,NL-A,1.8,5.3445e-11,7.1085e-11,6.2022e+02
1.0e+02,1.0000e-01,2.059e+06,2.871e-05,NL-B,1.8,9.0066e-09,4.1839e-09,4.0184e+04
1.0e+02,1.0000e-01,2.059e+06,2.871e-05,NL-A+F,1.8,4.0025e-11,5.9378e-11,6.2022e+02
1.0e+02,1.0000e-01,2.059e+06,2.871e-05,NL-B+F,1.8,2.1689e-10,8.9212e-11,1.1255e+03
1.0e+02,3.0000e-01,6.176e+06,2.871e-05,LIN-UV,1.0,2.4944e+12,6.8789e+12,7.2918e+04
1.0e+02,3.0000e-01,6.176e+06,2.871e-05,LIN-NL,1.0,1.1765e-14,4.9928e-14,2.2974e+02
1.0e+02,3.0000e-01,6.176e+06,2.871e-05,NL-A,1.0,1.5771e-10,1.3227e-10,7.5650e+02
1.0e+02,3.0000e-01,6.176e+06,2.871e-05,NL-B,1.0,1.2666e-09,5.3609e-10,4.0184e+04
1.0e+02,3.0000e-01,6.176e+06,2.871e-05,NL-A+F,1.0,6.2396e-11,8.3863e-11,7.5650e+02
1.0e+02,3.0000e-01,6.176e+06,2.871e-05,NL-B+F,1.0,6.7913e-11,8.3863e-11,7.5650e+02
1.0e+02,3.0000e-01,6.176e+06,2.871e-05,NL-A,1.8,5.4907e-11,7.3409e-11,6.2022e+02
1.0e+02,3.0000e-01,6.176e+06,2.871e-05,NL-B,1.8,9.3043e-09,4.3222e-09,4.0184e+04
1.0e+02,3.0000e-01,6.176e+06,2.871e-05,NL-A+F,1.8,4.1234e-11,6.1421e-11,6.2022e+02
1.0e+02,3.0000e-01,6.176e+06,2.871e-05,NL-B+F,1.8,2.2438e-10,9.2334e-11,1.1255e+03
1.0e+02,1.0000e+00,2.059e+07,2.871e-05,LIN-UV,1.0,2.8174e+13,7.8475e+13,7.2918e+04
1.0e+02,1.0000e+00,2.059e+07,2.871e-05,LIN-NL,1.0,1.1849e-14,5.0260e-14,2.2974e+02
1.0e+02,1.0000e+00,2.059e+07,2.871e-05,NL-A,1.0,1.5954e-10,1.3457e-10,7.5650e+02
1.0e+02,1.0000e+00,2.059e+07,2.871e-05,NL-B,1.0,1.2697e-09,5.3667e-10,4.0184e+04
1.0e+02,1.0000e+00,2.059e+07,2.871e-05,NL-A+F,1.0,6.3456e-11,8.5522e-11,7.5650e+02
1.0e+02,1.0000e+00,2.059e+07,2.871e-05,NL-B+F,1.0,6.8983e-11,8.5522e-11,7.5650e+02
1.0e+02,1.0000e+00,2.059e+07,2.871e-05,NL-A,1.8,5.5678e-11,7.4637e-11,6.2022e+02
1.0e+02,1.0000e+00,2.059e+07,2.871e-05,NL-B,1.8,9.4621e-09,4.3955e-09,4.0184e+04
1.0e+02,1.0000e+00,2.059e+07,2.871e-05,NL-A+F,1.8,4.1873e-11,6.2501e-11,6.2022e+02
1.0e+02,1.0000e+00,2.059e+07,2.871e-05,NL-B+F,1.8,2.2836e-10,9.3990e-11,1.1255e+03
1.0e+04,1.4574e-09,3.000e+00,1.100e-06,LIN-UV,1.0,4.4280e-22,6.3972e-22,1.4537e+03
1.0e+04,1.4574e-09,3.000e+00,1.100e-06,LIN-NL,1.0,1.3450e-22,2.3511e-22,8.9516e+02
1.0e+04,1.4574e-09,3.000e+00,1.100e-06,NL-A,1.0,3.6443e-22,4.7728e-22,1.1407e+03
1.0e+04,1.4574e-09,3.000e+00,1.100e-06,NL-B,1.0,3.6438e-22,4.7728e-22,1.1407e+03
1.0e+04,1.4574e-09,3.000e+00,1.100e-06,NL-A+F,1.0,3.2084e-22,4.1343e-22,1.1407e+03
1.0e+04,1.4574e-09,3.000e+00,1.100e-06,NL-B+F,1.0,3.2079e-22,4.1343e-22,1.1407e+03
1.0e+04,1.4574e-09,3.000e+00,1.100e-06,NL-A,1.8,3.4144e-22,4.4416e-22,1.1407e+03
1.0e+04,1.4574e-09,3.000e+00,1.100e-06,NL-B,1.8,3.4142e-22,4.4415e-22,1.1407e+03
1.0e+04,1.4574e-09,3.000e+00,1.100e-06,NL-A+F,1.8,3.2984e-22,4.2646e-22,1.1407e+03
1.0e+04,1.4574e-09,3.000e+00,1.100e-06,NL-B+F,1.8,3.2981e-22,4.2645e-22,1.1407e+03
1.0e+04,1.1961e-08,2.462e+01,1.100e-06,LIN-UV,1.0,3.9742e-17,5.7031e-17,1.5896e+03
1.0e+04,1.1961e-08,2.462e+01,1.100e-06,LIN-NL,1.0,2.3274e-20,4.4693e-20,1.3980e+02
1.0e+04,1.1961e-08,2.462e+01,1.100e-06,NL-A,1.0,1.9790e-18,1.3578e-18,9.7752e+02
1.0e+04,1.1961e-08,2.462e+01,1.100e-06,NL-B,1.0,1.9793e-18,1.3578e-18,9.7752e+02
1.0e+04,1.1961e-08,2.462e+01,1.100e-06,NL-A+F,1.0,1.2190e-18,7.2035e-19,9.7752e+02
1.0e+04,1.1961e-08,2.462e+01,1.100e-06,NL-B+F,1.0,1.2191e-18,7.2035e-19,9.7752e+02
1.0e+04,1.1961e-08,2.462e+01,1.100e-06,NL-A,1.8,7.5359e-19,5.3824e-19,4.7141e+02
1.0e+04,1.1961e-08,2.462e+01,1.100e-06,NL-B,1.8,7.8820e-19,5.3824e-19,4.7141e+02
1.0e+04,1.1961e-08,2.462e+01,1.100e-06,NL-A+F,1.8,6.7760e-19,4.8472e-19,3.6968e+02
1.0e+04,1.1961e-08,2.462e+01,1.100e-06,NL-B+F,1.8,7.0382e-19,4.8472e-19,3.6968e+02
1.0e+04,9.8165e-08,2.021e+02,1.100e-06,LIN-UV,1.0,2.9912e-12,4.2898e-12,1.6028e+03
1.0e+04,9.8165e-08,2.021e+02,1.100e-06,LIN-NL,1.0,2.0753e-18,3.3452e-18,2.0153e+01
1.0e+04,9.8165e-08,2.021e+02,1.100e-06,NL-A,1.0,4.7701e-16,3.4009e-16,2.2919e+02
1.0e+04,9.8165e-08,2.021e+02,1.100e-06,NL-B,1.0,1.0119e-15,4.2555e-16,1.2569e+03
1.0e+04,9.8165e-08,2.021e+02,1.100e-06,NL-A+F,1.0,2.0471e-16,1.2670e-16,2.2919e+02
1.0e+04,9.8165e-08,2.021e+02,1.100e-06,NL-B+F,1.0,2.7388e-16,1.2683e-16,2.2919e+02
1.0e+04,9.8165e-08,2.021e+02,1.100e-06,NL-A,1.8,1.0029e-16,6.4449e-17,8.6667e+01
1.0e+04,9.8165e-08,2.021e+02,1.100e-06,NL-B,1.8,2.6515e-16,1.0839e-16,1.2569e+03
1.0e+04,9.8165e-08,2.021e+02,1.100e-06,NL-A+F,1.8,8.2320e-17,5.3354e-17,6.7962e+01
1.0e+04,9.8165e-08,2.021e+02,1.100e-06,NL-B+F,1.8,1.3224e-16,5.3354e-17,6.7962e+01
1.0e+04,8.0566e-07,1.658e+03,1.100e-06,LIN-UV,1.0,2.2419e-07,3.2172e-07,1.6037e+03
1.0e+04,8.0566e-07,1.658e+03,1.100e-06,LIN-NL,1.0,9.2407e-17,2.0702e-16,3.6768e+00
1.0e+04,8.0566e-07,1.658e+03,1.100e-06,NL-A,1.0,3.8189e-14,2.7062e-14,4.1815e+01
1.0e+04,8.0566e-07,1.658e+03,1.100e-06,NL-B,1.0,5.9812e-13,3.2217e-13,1.2576e+03
1.0e+04,8.0566e-07,1.658e+03,1.100e-06,NL-A+F,1.0,1.1340e-14,6.5198e-15,4.1815e+01
1.0e+04,8.0566e-07,1.658e+03,1.100e-06,NL-B+F,1.0,1.8796e-14,6.6420e-15,4.1815e+01
1.0e+04,8.0566e-07,1.658e+03,1.100e-06,NL-A,1.8,7.3090e-15,4.7467e-15,1.2400e+01
1.0e+04,8.0566e-07,1.658e+03,1.100e-06,NL-B,1.8,1.4070e-13,7.5277e-14,1.2576e+03
1.0e+04,8.0566e-07,1.658e+03,1.100e-06,NL-A+F,1.8,5.3361e-15,3.5238e-15,1.2400e+01
1.0e+04,8.0566e-07,1.658e+03,1.100e-06,NL-B+F,1.8,1.0465e-14,3.5238e-15,1.2400e+01
1.0e+04,6.6122e-06,1.361e+04,1.100e-06,LIN-UV,1.0,1.6706e-02,2.4040e-02,1.6037e+03
1.0e+04,6.6122e-06,1.361e+04,1.100e-06,LIN-NL,1.0,5.7747e-16,1.6709e-15,1.3904e+00
1.0e+04,6.6122e-06,1.361e+04,1.100e-06,NL-A,1.0,8.4915e-13,6.2399e-13,1.2400e+01
1.0e+04,6.6122e-06,1.361e+04,1.100e-06,NL-B,1.0,6.8818e-11,3.7978e-11,1.2576e+03
1.0e+04,6.6122e-06,1.361e+04,1.100e-06,NL-A+F,1.0,2.1042e-13,1.0791e-13,3.6770e+00
1.0e+04,6.6122e-06,1.361e+04,1.100e-06,NL-B+F,1.0,3.5296e-13,1.0791e-13,3.6770e+00
1.0e+04,6.6122e-06,1.361e+04,1.100e-06,NL-A,1.8,1.7895e-13,1.4502e-13,3.6770e+00
1.0e+04,6.6122e-06,1.361e+04,1.100e-06,NL-B,1.8,1.6122e-11,8.8728e-12,1.2576e+03
1.0e+04,6.6122e-06,1.361e+04,1.100e-06,NL-A+F,1.8,1.2229e-13,1.0758e-13,3.6770e+00
1.0e+04,6.6122e-06,1.361e+04,1.100e-06,NL-B+F,1.8,2.2521e-13,1.0758e-13,3.6770e+00
1.0e+04,5.4267e-05,1.117e+05,1.100e-06,LIN-UV,1.0,1.2155e+03,1.7681e+03,1.6038e+03
1.0e+04,5.4267e-05,1.117e+05,1.100e-06,LIN-NL,1.0,6.0392e-16,1.2891e-15,1.0903e+00
1.0e+04,5.4267e-05,1.117e+05,1.100e-06,NL-A,1.0,3.3625e-12,2.0190e-12,7.6252e+00
1.0e+04,5.4267e-05,1.117e+05,1.100e-06,NL-B,1.0,3.8808e-10,2.1429e-10,1.2576e+03
1.0e+04,5.4267e-05,1.117e+05,1.100e-06,NL-A+F,1.0,1.0746e-12,1.0190e-12,2.8834e+00
1.0e+04,5.4267e-05,1.117e+05,1.100e-06,NL-B+F,1.0,1.4996e-12,1.0190e-12,2.8834e+00
1.0e+04,5.4267e-05,1.117e+05,1.100e-06,NL-A,1.8,9.3819e-13,1.0398e-12,2.8834e+00
1.0e+04,5.4267e-05,1.117e+05,1.100e-06,NL-B,1.8,1.2134e-09,6.7321e-10,1.2576e+03
1.0e+04,5.4267e-05,1.117e+05,1.100e-06,NL-A+F,1.8,6.9220e-13,8.1234e-13,2.8834e+00
1.0e+04,5.4267e-05,1.117e+05,1.100e-06,NL-B+F,1.8,3.6565e-12,1.1693e-12,7.6252e+00
1.0e+04,4.4538e-04,9.168e+05,1.100e-06,LIN-UV,1.0,8.0523e+07,1.2200e+08,1.6038e+03
1.0e+04,4.4538e-04,9.168e+05,1.100e-06,LIN-NL,1.0,5.2605e-16,1.9650e-15,8.5502e-01
1.0e+04,4.4538e-04,9.168e+05,1.100e-06,NL-A,1.0,5.8888e-12,4.2802e-12,2.8834e+00
1.0e+04,4.4538e-04,9.168e+05,1.100e-06,NL-B,1.0,5.9234e-10,3.2648e-10,1.2576e+03
1.0e+04,4.4538e-04,9.168e+05,1.100e-06,NL-A+F,1.0,2.3601e-12,2.6833e-12,2.8834e+00
1.0e+04,4.4538e-04,9.168e+05,1.100e-06,NL-B+F,1.0,2.9181e-12,2.6833e-12,2.8834e+00
1.0e+04,4.4538e-04,9.168e+05,1.100e-06,NL-A,1.8,1.9247e-12,2.3331e-12,2.2611e+00
1.0e+04,4.4538e-04,9.168e+05,1.100e-06,NL-B,1.8,3.5330e-09,1.9602e-09,1.2576e+03
1.0e+04,4.4538e-04,9.168e+05,1.100e-06,NL-A+F,1.8,1.5049e-12,2.0061e-12,2.2611e+00
1.0e+04,4.4538e-04,9.168e+05,1.100e-06,NL-B+F,1.8,9.9271e-12,3.2954e-12,5.9795e+00
1.0e+04,3.6553e-03,7.525e+06,1.100e-06,LIN-UV,1.0,3.8006e+12,6.5471e+12,1.6038e+03
1.0e+04,3.6553e-03,7.525e+06,1.100e-06,LIN-NL,1.0,6.0058e-16,2.2340e-15,8.5502e-01
1.0e+04,3.6553e-03,7.525e+06,1.100e-06,NL-A,1.0,7.0826e-12,5.6683e-12,2.8834e+00
1.0e+04,3.6553e-03,7.525e+06,1.100e-06,NL-B,1.0,6.5862e-10,3.6267e-10,1.2576e+03
1.0e+04,3.6553e-03,7.525e+06,1.100e-06,NL-A+F,1.0,3.0631e-12,3.6685e-12,2.8834e+00
1.0e+04,3.6553e-03,7.525e+06,1.100e-06,NL-B+F,1.0,3.6605e-12,3.6685e-12,2.8834e+00
1.0e+04,3.6553e-03,7.525e+06,1.100e-06,NL-A,1.8,2.4213e-12,3.0860e-12,2.2611e+00
1.0e+04,3.6553e-03,7.525e+06,1.100e-06,NL-B,1.8,5.0573e-09,2.8060e-09,1.2576e+03
1.0e+04,3.6553e-03,7.525e+06,1.100e-06,NL-A+F,1.8,1.9286e-12,2.6817e-12,2.2611e+00
1.0e+04,3.6553e-03,7.525e+06,1.100e-06,NL-B+F,1.8,1.3836e-11,4.6649e-12,5.9795e+00
1.0e+04,3.0000e-02,6.176e+07,1.100e-06,LIN-UV,1.0,6.3022e+16,1.4275e+17,1.6038e+03
1.0e+04,3.0000e-02,6.176e+07,1.100e-06,LIN-NL,1.0,6.1972e-16,2.3024e-15,8.5502e-01
1.0e+04,3.0000e-02,6.176e+07,1.100e-06,NL-A,1.0,7.4452e-12,6.1083e-12,2.8834e+00
1.0e+04,3.0000e-02,6.176e+07,1.100e-06,NL-B,1.0,6.6203e-10,3.6435e-10,1.2576e+03
1.0e+04,3.0000e-02,6.176e+07,1.100e-06,NL-A+F,1.0,3.2854e-12,3.9890e-12,2.8834e+00
1.0e+04,3.0000e-02,6.176e+07,1.100e-06,NL-B+F,1.0,3.8864e-12,3.9890e-12,2.8834e+00
1.0e+04,3.0000e-02,6.176e+07,1.100e-06,NL-A,1.8,2.5738e-12,3.3197e-12,2.2611e+00
1.0e+04,3.0000e-02,6.176e+07,1.100e-06,NL-B,1.8,5.4439e-09,3.0205e-09,1.2576e+03
1.0e+04,3.0000e-02,6.176e+07,1.100e-06,NL-A+F,1.8,2.0601e-12,2.8928e-12,2.2611e+00
1.0e+04,3.0000e-02,6.176e+07,1.100e-06,NL-B+F,1.8,1.4926e-11,5.0354e-12,5.9795e+00
1.0e+04,1.0000e-01,2.059e+08,1.100e-06,LIN-UV,1.0,6.0304e+18,1.6381e+19,1.6038e+03
1.0e+04,1.0000e-01,2.059e+08,1.100e-06,LIN-NL,1.0,6.2319e-16,2.3147e-15,8.5502e-01
1.0e+04,1.0000e-01,2.059e+08,1.100e-06,NL-A,1.0,7.5139e-12,6.1927e-12,2.8834e+00
1.0e+04,1.0000e-01,2.059e+08,1.100e-06,NL-B,1.0,6.6261e-10,3.6464e-10,1.2576e+03
1.0e+04,1.0000e-01,2.059e+08,1.100e-06,NL-A+F,1.0,3.3279e-12,4.0509e-12,2.8834e+00
1.0e+04,1.0000e-01,2.059e+08,1.100e-06,NL-B+F,1.0,3.9296e-12,4.0509e-12,2.8834e+00
1.0e+04,1.0000e-01,2.059e+08,1.100e-06,NL-A,1.8,2.6028e-12,3.3642e-12,2.2611e+00
1.0e+04,1.0000e-01,2.059e+08,1.100e-06,NL-B,1.8,5.5181e-09,3.0617e-09,1.2576e+03
1.0e+04,1.0000e-01,2.059e+08,1.100e-06,NL-A+F,1.8,2.0851e-12,2.9331e-12,2.2611e+00
1.0e+04,1.0000e-01,2.059e+08,1.100e-06,NL-B+F,1.8,1.5135e-11,5.1066e-12,5.9795e+00
1.0e+04,3.0000e-01,6.176e+08,1.100e-06,LIN-UV,1.0,1.4964e+20,4.6328e+20,1.6038e+03
1.0e+04,3.0000e-01,6.176e+08,1.100e-06,LIN-NL,1.0,6.2466e-16,2.3200e-15,8.5502e-01
1.0e+04,3.0000e-01,6.176e+08,1.100e-06,NL-A,1.0,7.5433e-12,6.2288e-12,2.8834e+00
1.0e+04,3.0000e-01,6.176e+08,1.100e-06,NL-B,1.0,6.6286e-10,3.6476e-10,1.2576e+03
1.0e+04,3.0000e-01,6.176e+08,1.100e-06,NL-A+F,1.0,3.3461e-12,4.0774e-12,2.8834e+00
1.0e+04,3.0000e-01,6.176e+08,1.100e-06,NL-B+F,1.0,3.9480e-12,4.0774e-12,2.8834e+00
1.0e+04,3.0000e-01,6.176e+08,1.100e-06,NL-A,1.8,2.6152e-12,3.3832e-12,2.2611e+00
1.0e+04,3.0000e-01,6.176e+08,1.100e-06,NL-B,1.8,5.5498e-09,3.0793e-09,1.2576e+03
1.0e+04,3.0000e-01,6.176e+08,1.100e-06,NL-A+F,1.8,2.0958e-12,2.9503e-12,2.2611e+00
1.0e+04,3.0000e-01,6.176e+08,1.100e-06,NL-B+F,1.8,1.5225e-11,5.1370e-12,5.9795e+00
1.0e+04,1.0000e+00,2.059e+09,1.100e-06,LIN-UV,1.0,1.6156e+21,5.4598e+21,1.6038e+03
1.0e+04,1.0000e+00,2.059e+09,1.100e-06,LIN-NL,1.0,6.2541e-16,2.3226e-15,8.5502e-01
1.0e+04,1.0000e+00,2.059e+09,1.100e-06,NL-A,1.0,7.5584e-12,6.2474e-12,2.8834e+00
1.0e+04,1.0000e+00,2.059e+09,1.100e-06,NL-B,1.0,6.6298e-10,3.6482e-10,1.2576e+03
1.0e+04,1.0000e+00,2.059e+09,1.100e-06,NL-A+F,1.0,3.3555e-12,4.0910e-12,2.8834e+00
1.0e+04,1.0000e+00,2.059e+09,1.100e-06,NL-B+F,1.0,3.9575e-12,4.0910e-12,2.8834e+00
1.0e+04,1.0000e+00,2.059e+09,1.100e-06,NL-A,1.8,2.6216e-12,3.3930e-12,2.2611e+00
1.0e+04,1.0000e+00,2.059e+09,1.100e-06,NL-B,1.8,5.5661e-09,3.0883e-09,1.2576e+03
1.0e+04,1.0000e+00,2.059e+09,1.100e-06,NL-A+F,1.8,2.1013e-12,2.9592e-12,2.2611e+00
1.0e+04,1.0000e+00,2.059e+09,1.100e-06,NL-B+F,1.8,1.5271e-11,5.1527e-12,5.9795e+00
1.0e+06,1.4574e-11,3.000e+00,4.214e-08,LIN-UV,1.0,2.0249e-25,2.8969e-25,2.6574e+01
1.0e+06,1.4574e-11,3.000e+00,4.214e-08,LIN-NL,1.0,5.9347e-26,9.9118e-26,1.9945e+01
1.0e+06,1.4574e-11,3.000e+00,4.214e-08,NL-A,1.0,1.6323e-25,2.2969e-25,2.6574e+01
1.0e+06,1.4574e-11,3.000e+00,4.214e-08,NL-B,1.0,1.6319e-25,2.2966e-25,2.6574e+01
1.0e+06,1.4574e-11,3.000e+00,4.214e-08,NL-A+F,1.0,1.5451e-25,2.1493e-25,2.6574e+01
1.0e+06,1.4574e-11,3.000e+00,4.214e-08,NL-B+F,1.0,1.5446e-25,2.1490e-25,2.6574e+01
1.0e+06,1.4574e-11,3.000e+00,4.214e-08,NL-A,1.8,1.5232e-25,2.1146e-25,2.6574e+01
1.0e+06,1.4574e-11,3.000e+00,4.214e-08,NL-B,1.8,1.5229e-25,2.1145e-25,2.6574e+01
1.0e+06,1.4574e-11,3.000e+00,4.214e-08,NL-A+F,1.8,1.5015e-25,2.0781e-25,2.6574e+01
1.0e+06,1.4574e-11,3.000e+00,4.214e-08,NL-B+F,1.8,1.5012e-25,2.0779e-25,2.6574e+01
1.0e+06,2.1270e-10,4.378e+01,4.214e-08,LIN-UV,1.0,4.2298e-19,6.0149e-19,2.9185e+01
1.0e+06,2.1270e-10,4.378e+01,4.214e-08,LIN-NL,1.0,4.9162e-23,7.1954e-23,1.6448e+00
1.0e+06,2.1270e-10,4.378e+01,4.214e-08,NL-A,1.0,5.0734e-21,3.3527e-21,1.6419e+01
1.0e+06,2.1270e-10,4.378e+01,4.214e-08,NL-B,1.0,5.4270e-21,3.3527e-21,1.6419e+01
1.0e+06,2.1270e-10,4.378e+01,4.214e-08,NL-A+F,1.0,3.8554e-21,2.3966e-21,1.6419e+01
1.0e+06,2.1270e-10,4.378e+01,4.214e-08,NL-B+F,1.0,4.0700e-21,2.3966e-21,1.6419e+01
1.0e+06,2.1270e-10,4.378e+01,4.214e-08,NL-A,1.8,1.5183e-21,1.0313e-21,5.1967e+00
1.0e+06,2.1270e-10,4.378e+01,4.214e-08,NL-B,1.8,1.7892e-21,1.0313e-21,5.1967e+00
1.0e+06,2.1270e-10,4.378e+01,4.214e-08,NL-A+F,1.8,1.4397e-21,9.8372e-22,5.1967e+00
1.0e+06,2.1270e-10,4.378e+01,4.214e-08,NL-B+F,1.8,1.6664e-21,9.8372e-22,5.1967e+00
1.0e+06,3.1043e-09,6.390e+02,4.214e-08,LIN-UV,1.0,6.8791e-13,9.7828e-13,2.9306e+01
1.0e+06,3.1043e-09,6.390e+02,4.214e-08,LIN-NL,1.0,1.4299e-20,2.8599e-20,1.6542e-01
1.0e+06,3.1043e-09,6.390e+02,4.214e-08,NL-A,1.0,3.4069e-18,2.3915e-18,1.6515e+00
1.0e+06,3.1043e-09,6.390e+02,4.214e-08,NL-B,1.0,1.6063e-17,7.7104e-18,2.9306e+01
1.0e+06,3.1043e-09,6.390e+02,4.214e-08,NL-A+F,1.0,2.0007e-18,1.2908e-18,1.6515e+00
1.0e+06,3.1043e-09,6.390e+02,4.214e-08,NL-B+F,1.0,3.4258e-18,1.2908e-18,1.6515e+00
1.0e+06,3.1043e-09,6.390e+02,4.214e-08,NL-A,1.8,7.2338e-19,4.5882e-19,5.2267e-01
1.0e+06,3.1043e-09,6.390e+02,4.214e-08,NL-B,1.8,4.1915e-18,1.9872e-18,2.9306e+01
1.0e+06,3.1043e-09,6.390e+02,4.214e-08,NL-A+F,1.8,6.4647e-19,4.1494e-19,5.2267e-01
1.0e+06,3.1043e-09,6.390e+02,4.214e-08,NL-B+F,1.8,1.4395e-18,4.1494e-19,5.2267e-01
1.0e+06,4.5306e-08,9.326e+03,4.214e-08,LIN-UV,1.0,1.1130e-06,1.5828e-06,2.9310e+01
1.0e+06,4.5306e-08,9.326e+03,4.214e-08,LIN-NL,1.0,2.7049e-18,6.2904e-18,1.6572e-02
1.0e+06,4.5306e-08,9.326e+03,4.214e-08,NL-A,1.0,1.0317e-15,7.4121e-16,1.6544e-01
1.0e+06,4.5306e-08,9.326e+03,4.214e-08,NL-B,1.0,7.3160e-14,3.9195e-14,2.9310e+01
1.0e+06,4.5306e-08,9.326e+03,4.214e-08,NL-A+F,1.0,4.1802e-16,2.5869e-16,1.6544e-01
1.0e+06,4.5306e-08,9.326e+03,4.214e-08,NL-B+F,1.0,7.9164e-16,2.5872e-16,1.6544e-01
1.0e+06,4.5306e-08,9.326e+03,4.214e-08,NL-A,1.8,2.0298e-16,1.2940e-16,5.2361e-02
1.0e+06,4.5306e-08,9.326e+03,4.214e-08,NL-B,1.8,1.7104e-14,9.1482e-15,2.9310e+01
1.0e+06,4.5306e-08,9.326e+03,4.214e-08,NL-A+F,1.8,1.6391e-16,1.0726e-16,5.2361e-02
1.0e+06,4.5306e-08,9.326e+03,4.214e-08,NL-B+F,1.8,3.9153e-16,1.0726e-16,5.2361e-02
1.0e+06,6.6122e-07,1.361e+05,4.214e-08,LIN-UV,1.0,1.7977e+00,2.5574e+00,2.9310e+01
1.0e+06,6.6122e-07,1.361e+05,4.214e-08,LIN-NL,1.0,2.3722e-17,4.0241e-17,5.2449e-03
1.0e+06,6.6122e-07,1.361e+05,4.214e-08,NL-A,1.0,5.2541e-14,3.8027e-14,3.9274e-02
1.0e+06,6.6122e-07,1.361e+05,4.214e-08,NL-B,1.0,2.8451e-11,1.5331e-11,2.9310e+01
1.0e+06,6.6122e-07,1.361e+05,4.214e-08,NL-A+F,1.0,1.7309e-14,9.1613e-15,3.9274e-02
1.0e+06,6.6122e-07,1.361e+05,4.214e-08,NL-B+F,1.0,3.1677e-14,9.2202e-15,3.9274e-02
1.0e+06,6.6122e-07,1.361e+05,4.214e-08,NL-A,1.8,1.1708e-14,1.0093e-14,1.2430e-02
1.0e+06,6.6122e-07,1.361e+05,4.214e-08,NL-B,1.8,6.6519e-12,3.5827e-12,2.9310e+01
1.0e+06,6.6122e-07,1.361e+05,4.214e-08,NL-A+F,1.8,8.8874e-15,8.2075e-15,1.2430e-02
1.0e+06,6.6122e-07,1.361e+05,4.214e-08,NL-B+F,1.8,1.8453e-14,8.2075e-15,1.2430e-02
1.0e+06,9.6503e-06,1.987e+06,4.214e-08,LIN-UV,1.0,2.8777e+06,4.1010e+06,2.9310e+01
1.0e+06,9.6503e-06,1.987e+06,4.214e-08,LIN-NL,1.0,2.8405e-17,6.3030e-17,3.9339e-03
1.0e+06,9.6503e-06,1.987e+06,4.214e-08,NL-A,1.0,2.1177e-13,1.2391e-13,9.3229e-03
1.0e+06,9.6503e-06,1.987e+06,4.214e-08,NL-B,1.0,1.3147e-10,7.0832e-11,2.9310e+01
1.0e+06,9.6503e-06,1.987e+06,4.214e-08,NL-A+F,1.0,9.0553e-14,9.0248e-14,9.3229e-03
1.0e+06,9.6503e-06,1.987e+06,4.214e-08,NL-B+F,1.0,1.2879e-13,9.0248e-14,9.3229e-03
1.0e+06,9.6503e-06,1.987e+06,4.214e-08,NL-A,1.8,6.5331e-14,8.1170e-14,9.3229e-03
1.0e+06,9.6503e-06,1.987e+06,4.214e-08,NL-B,1.8,5.7254e-10,3.0877e-10,2.9310e+01
1.0e+06,9.6503e-06,1.987e+06,4.214e-08,NL-A+F,1.8,5.3294e-14,7.0985e-14,9.3229e-03
1.0e+06,9.6503e-06,1.987e+06,4.214e-08,NL-B+F,1.8,3.7306e-13,1.1705e-13,2.9457e-02
1.0e+06,1.4084e-04,2.899e+07,4.214e-08,LIN-UV,1.0,4.3692e+12,6.2871e+12,2.9310e+01
1.0e+06,1.4084e-04,2.899e+07,4.214e-08,LIN-NL,1.0,1.5356e-17,5.1148e-17,2.9506e-03
1.0e+06,1.4084e-04,2.899e+07,4.214e-08,NL-A,1.0,3.1804e-13,2.4374e-13,9.3229e-03
1.0e+06,1.4084e-04,2.899e+07,4.214e-08,NL-B,1.0,1.6776e-10,9.0353e-11,2.9310e+01
1.0e+06,1.4084e-04,2.899e+07,4.214e-08,NL-A+F,1.0,1.5536e-13,1.8614e-13,9.3229e-03
1.0e+06,1.4084e-04,2.899e+07,4.214e-08,NL-B+F,1.0,2.0023e-13,1.8614e-13,9.3229e-03
1.0e+06,1.4084e-04,2.899e+07,4.214e-08,NL-A,1.8,1.0887e-13,1.5135e-13,9.3229e-03
1.0e+06,1.4084e-04,2.899e+07,4.214e-08,NL-B,1.8,1.2669e-09,6.8323e-10,2.9310e+01
1.0e+06,1.4084e-04,2.899e+07,4.214e-08,NL-A+F,1.8,9.1547e-14,1.3482e-13,9.3229e-03
1.0e+06,1.4084e-04,2.899e+07,4.214e-08,NL-B+F,1.8,7.7251e-13,2.4919e-13,2.9457e-02
1.0e+06,2.0555e-03,4.231e+08,4.214e-08,LIN-UV,1.0,4.9699e+18,7.4254e+18,2.9310e+01
1.0e+06,2.0555e-03,4.231e+08,4.214e-08,LIN-NL,1.0,1.6401e-17,5.4633e-17,2.9506e-03
1.0e+06,2.0555e-03,4.231e+08,4.214e-08,NL-A,1.0,3.4555e-13,2.7761e-13,9.3229e-03
1.0e+06,2.0555e-03,4.231e+08,4.214e-08,NL-B,1.0,1.6899e-10,9.0998e-11,2.9310e+01
1.0e+06,2.0555e-03,4.231e+08,4.214e-08,NL-A+F,1.0,1.7340e-13,2.1407e-13,9.3229e-03
1.0e+06,2.0555e-03,4.231e+08,4.214e-08,NL-B+F,1.0,2.1867e-13,2.1407e-13,9.3229e-03
1.0e+06,2.0555e-03,4.231e+08,4.214e-08,NL-A,1.8,1.2046e-13,1.7072e-13,9.3229e-03
1.0e+06,2.0555e-03,4.231e+08,4.214e-08,NL-B,1.8,1.4310e-09,7.7173e-10,2.9310e+01
1.0e+06,2.0555e-03,4.231e+08,4.214e-08,NL-A+F,1.8,1.0190e-13,1.5266e-13,9.3229e-03
1.0e+06,2.0555e-03,4.231e+08,4.214e-08,NL-B+F,1.8,8.7436e-13,2.8223e-13,2.9457e-02
1.0e+06,3.0000e-02,6.176e+09,4.214e-08,LIN-UV,1.0,1.5560e+24,2.3122e+24,3.9078e+01
1.0e+06,3.0000e-02,6.176e+09,4.214e-08,LIN-NL,1.0,1.6582e-17,5.5236e-17,2.9506e-03
1.0e+06,3.0000e-02,6.176e+09,4.214e-08,NL-A,1.0,3.5058e-13,2.8389e-13,9.3229e-03
1.0e+06,3.0000e-02,6.176e+09,4.214e-08,NL-B,1.0,1.6917e-10,9.1096e-11,2.9310e+01
1.0e+06,3.0000e-02,6.176e+09,4.214e-08,NL-A+F,1.0,1.7675e-13,2.1929e-13,9.3229e-03
1.0e+06,3.0000e-02,6.176e+09,4.214e-08,NL-B+F,1.0,2.2207e-13,2.1929e-13,9.3229e-03
1.0e+06,3.0000e-02,6.176e+09,4.214e-08,NL-A,1.8,1.2259e-13,1.7430e-13,9.3229e-03
1.0e+06,3.0000e-02,6.176e+09,4.214e-08,NL-B,1.8,1.4615e-09,7.8818e-10,2.9310e+01
1.0e+06,3.0000e-02,6.176e+09,4.214e-08,NL-A+F,1.8,1.0381e-13,1.5596e-13,9.3229e-03
1.0e+06,3.0000e-02,6.176e+09,4.214e-08,NL-B+F,1.8,8.9331e-13,2.8839e-13,2.9457e-02
1.0e+06,1.0000e-01,2.059e+10,4.214e-08,LIN-UV,1.0,1.5946e+26,3.0561e+26,3.9078e+01
1.0e+06,1.0000e-01,2.059e+10,4.214e-08,LIN-NL,1.0,1.6602e-17,5.5303e-17,2.9506e-03
1.0e+06,1.0000e-01,2.059e+10,4.214e-08,NL-A,1.0,3.5115e-13,2.8460e-13,9.3229e-03
1.0e+06,1.0000e-01,2.059e+10,4.214e-08,NL-B,1.0,1.6919e-10,9.1106e-11,2.9310e+01
1.0e+06,1.0000e-01,2.059e+10,4.214e-08,NL-A+F,1.0,1.7712e-13,2.1987e-13,9.3229e-03
1.0e+06,1.0000e-01,2.059e+10,4.214e-08,NL-B+F,1.0,2.2245e-13,2.1987e-13,9.3229e-03
1.0e+06,1.0000e-01,2.059e+10,4.214e-08,NL-A,1.8,1.2283e-13,1.7470e-13,9.3229e-03
1.0e+06,1.0000e-01,2.059e+10,4.214e-08,NL-B,1.8,1.4649e-09,7.9004e-10,2.9310e+01
1.0e+06,1.0000e-01,2.059e+10,4.214e-08,NL-A+F,1.8,1.0402e-13,1.5633e-13,9.3229e-03
1.0e+06,1.0000e-01,2.059e+10,4.214e-08,NL-B+F,1.8,8.9545e-13,2.8909e-13,2.9457e-02
1.0e+06,3.0000e-01,6.176e+10,4.214e-08,LIN-UV,1.0,4.3680e+27,1.0180e+28,3.9078e+01
1.0e+06,3.0000e-01,6.176e+10,4.214e-08,LIN-NL,1.0,1.6610e-17,5.5332e-17,2.9506e-03
1.0e+06,3.0000e-01,6.176e+10,4.214e-08,NL-A,1.0,3.5139e-13,2.8490e-13,9.3229e-03
1.0e+06,3.0000e-01,6.176e+10,4.214e-08,NL-B,1.0,1.6920e-10,9.1111e-11,2.9310e+01
1.0e+06,3.0000e-01,6.176e+10,4.214e-08,NL-A+F,1.0,1.7728e-13,2.2012e-13,9.3229e-03
1.0e+06,3.0000e-01,6.176e+10,4.214e-08,NL-B+F,1.0,2.2262e-13,2.2012e-13,9.3229e-03
1.0e+06,3.0000e-01,6.176e+10,4.214e-08,NL-A,1.8,1.2293e-13,1.7487e-13,9.3229e-03
1.0e+06,3.0000e-01,6.176e+10,4.214e-08,NL-B,1.8,1.4664e-09,7.9083e-10,2.9310e+01
1.0e+06,3.0000e-01,6.176e+10,4.214e-08,NL-A+F,1.8,1.0411e-13,1.5649e-13,9.3229e-03
1.0e+06,3.0000e-01,6.176e+10,4.214e-08,NL-B+F,1.8,8.9636e-13,2.8938e-13,2.9457e-02
1.0e+06,1.0000e+00,2.059e+11,4.214e-08,LIN-UV,1.0,5.3445e+28,1.4267e+29,3.9078e+01
1.0e+06,1.0000e+00,2.059e+11,4.214e-08,LIN-NL,1.0,1.6615e-17,5.5346e-17,2.9506e-03
1.0e+06,1.0000e+00,2.059e+11,4.214e-08,NL-A,1.0,3.5151e-13,2.8505e-13,9.3229e-03
1.0e+06,1.0000e+00,2.059e+11,4.214e-08,NL-B,1.0,1.6920e-10,9.1113e-11,2.9310e+01
1.0e+06,1.0000e+00,2.059e+11,4.214e-08,NL-A+F,1.0,1.7737e-13,2.2025e-13,9.3229e-03
1.0e+06,1.0000e+00,2.059e+11,4.214e-08,NL-B+F,1.0,2.2270e-13,2.2025e-13,9.3229e-03
1.0e+06,1.0000e+00,2.059e+11,4.214e-08,NL-A,1.8,1.2299e-13,1.7496e-13,9.3229e-03
1.0e+06,1.0000e+00,2.059e+11,4.214e-08,NL-B,1.8,1.4671e-09,7.9123e-10,2.9310e+01
1.0e+06,1.0000e+00,2.059e+11,4.214e-08,NL-A+F,1.8,1.0416e-13,1.5657e-13,9.3229e-03
1.0e+06,1.0000e+00,2.059e+11,4.214e-08,NL-B+F,1.8,8.9682e-13,2.8953e-13,2.9457e-02
