M_g,beta,label,pop,xi,T_evap,y_evap,x_D,x_NL,x_star,x_cl,x_PBH,N_star,channel,peak_h2_undamped,f_peak_undamped,peak_h2_damped,f_peak_damped
1.000e+02,2.8712e-05,BBN-bound,mono,1.0,2.7600e+07,3.4735e+03,6.7294e+04,8.0384e+02,1.5294e+03,3.5556e+03,1.0747e+05,4.9051e+06,LIN-NL,1.6125e-14,5.6591e+02,1.6078e-14,5.6591e+02
1.000e+02,2.8712e-05,BBN-bound,mono,1.0,2.7600e+07,3.4735e+03,6.7294e+04,8.0384e+02,1.5294e+03,3.5556e+03,1.0747e+05,4.9051e+06,LIN-UV,7.9023e-06,6.6980e+04,1.0522e-06,6.6980e+04
1.000e+02,2.8712e-05,BBN-bound,mono,1.0,2.7600e+07,3.4735e+03,6.7294e+04,8.0384e+02,1.5294e+03,3.5556e+03,1.0747e+05,4.9051e+06,NL-A,3.1010e-12,5.7004e+03,2.7870e-12,4.8868e+03
1.000e+02,2.8712e-05,BBN-bound,mono,1.0,2.7600e+07,3.4735e+03,6.7294e+04,8.0384e+02,1.5294e+03,3.5556e+03,1.0747e+05,4.9051e+06,NL-B,3.5173e-11,6.6980e+04,5.8429e-12,4.2200e+04
1.000e+02,2.8712e-05,BBN-bound,mono,1.0,2.7600e+07,3.4735e+03,6.7294e+04,8.0384e+02,1.5294e+03,3.5556e+03,1.0747e+05,4.9051e+06,SHOT,1.0960e-20,6.6980e+04,1.4593e-21,6.6980e+04
1.000e+02,2.8712e-05,BBN-bound,mono,1.0,2.7600e+07,3.4735e+03,6.7294e+04,8.0384e+02,1.5294e+03,3.5556e+03,1.0747e+05,4.9051e+06,NL-A+F,4.0532e-13,5.7004e+03,3.6223e-13,4.8868e+03
1.000e+02,2.8712e-05,BBN-bound,mono,1.0,2.7600e+07,3.4735e+03,6.7294e+04,8.0384e+02,1.5294e+03,3.5556e+03,1.0747e+05,4.9051e+06,NL-B+F,4.1118e-13,5.7004e+03,3.6357e-13,5.7004e+03
1.000e+02,2.8712e-05,BBN-bound,mono,1.0,2.7600e+07,3.4735e+03,6.7294e+04,8.0384e+02,1.5294e+03,3.5556e+03,1.0747e+05,4.9051e+06,LIN-NL-sh,1.5878e-15,5.6591e+02,1.5877e-15,5.6591e+02
1.000e+02,2.8712e-05,BBN-bound,mono,1.0,2.7600e+07,3.4735e+03,6.7294e+04,8.0384e+02,1.5294e+03,3.5556e+03,1.0747e+05,4.9051e+06,NL-A+F-sh,7.4463e-15,5.7004e+03,7.4434e-15,5.7004e+03
1.000e+02,2.8712e-05,BBN-bound,mono,1.0,2.7600e+07,3.4735e+03,6.7294e+04,8.0384e+02,1.5294e+03,3.5556e+03,1.0747e+05,4.9051e+06,NL-B+F-sh,5.8271e-15,5.7004e+03,5.8254e-15,5.7004e+03
1.000e+02,2.8712e-05,BBN-bound,mono,1.8,2.7600e+07,3.4735e+03,6.7294e+04,8.0384e+02,1.5294e+03,1.9753e+03,1.0747e+05,4.9051e+06,LIN-NL,1.6125e-14,5.6591e+02,1.6078e-14,5.6591e+02
1.000e+02,2.8712e-05,BBN-bound,mono,1.8,2.7600e+07,3.4735e+03,6.7294e+04,8.0384e+02,1.5294e+03,1.9753e+03,1.0747e+05,4.9051e+06,LIN-UV,7.9023e-06,6.6980e+04,1.0522e-06,6.6980e+04
1.000e+02,2.8712e-05,BBN-bound,mono,1.8,2.7600e+07,3.4735e+03,6.7294e+04,8.0384e+02,1.5294e+03,1.9753e+03,1.0747e+05,4.9051e+06,NL-A,5.6014e-13,1.6630e+03,5.4993e-13,1.6630e+03
1.000e+02,2.8712e-05,BBN-bound,mono,1.8,2.7600e+07,3.4735e+03,6.7294e+04,8.0384e+02,1.5294e+03,1.9753e+03,1.0747e+05,4.9051e+06,NL-B,8.8583e-12,6.6980e+04,1.4715e-12,4.2200e+04
1.000e+02,2.8712e-05,BBN-bound,mono,1.8,2.7600e+07,3.4735e+03,6.7294e+04,8.0384e+02,1.5294e+03,1.9753e+03,1.0747e+05,4.9051e+06,SHOT,1.0960e-20,6.6980e+04,1.4593e-21,6.6980e+04
1.000e+02,2.8712e-05,BBN-bound,mono,1.8,2.7600e+07,3.4735e+03,6.7294e+04,8.0384e+02,1.5294e+03,1.9753e+03,1.0747e+05,4.9051e+06,NL-A+F,3.6929e-13,1.6630e+03,3.6364e-13,1.4256e+03
1.000e+02,2.8712e-05,BBN-bound,mono,1.8,2.7600e+07,3.4735e+03,6.7294e+04,8.0384e+02,1.5294e+03,1.9753e+03,1.0747e+05,4.9051e+06,NL-B+F,3.6929e-13,1.6630e+03,3.6364e-13,1.4256e+03
1.000e+02,2.8712e-05,BBN-bound,mono,1.8,2.7600e+07,3.4735e+03,6.7294e+04,8.0384e+02,1.5294e+03,1.9753e+03,1.0747e+05,4.9051e+06,LIN-NL-sh,1.5878e-15,5.6591e+02,1.5877e-15,5.6591e+02
1.000e+02,2.8712e-05,BBN-bound,mono,1.8,2.7600e+07,3.4735e+03,6.7294e+04,8.0384e+02,1.5294e+03,1.9753e+03,1.0747e+05,4.9051e+06,NL-A+F-sh,8.4268e-15,1.6630e+03,8.4264e-15,1.6630e+03
1.000e+02,2.8712e-05,BBN-bound,mono,1.8,2.7600e+07,3.4735e+03,6.7294e+04,8.0384e+02,1.5294e+03,1.9753e+03,1.0747e+05,4.9051e+06,NL-B+F-sh,5.5283e-15,1.6630e+03,5.5282e-15,1.6630e+03
1.000e+02,2.8712e-05,BBN-bound,choptuik,1.0,2.7600e+07,3.4735e+03,6.7294e+04,8.0384e+02,1.5294e+03,3.5556e+03,1.0747e+05,4.9051e+06,LIN-NL,1.8863e-24,4.8514e+02,1.8820e-24,4.8514e+02
1.000e+02,2.8712e-05,BBN-bound,choptuik,1.0,2.7600e+07,3.4735e+03,6.7294e+04,8.0384e+02,1.5294e+03,3.5556e+03,1.0747e+05,4.9051e+06,LIN-UV,8.4418e-24,4.1894e+03,7.9471e-24,3.0789e+03
1.000e+02,2.8712e-05,BBN-bound,choptuik,1.0,2.7600e+07,3.4735e+03,6.7294e+04,8.0384e+02,1.5294e+03,3.5556e+03,1.0747e+05,4.9051e+06,NL-A,3.4921e-24,7.7001e+02,3.4744e-24,7.7001e+02
1.000e+02,2.8712e-05,BBN-bound,choptuik,1.0,2.7600e+07,3.4735e+03,6.7294e+04,8.0384e+02,1.5294e+03,3.5556e+03,1.0747e+05,4.9051e+06,NL-B,3.4921e-24,7.7001e+02,3.4744e-24,7.7001e+02
1.000e+02,2.8712e-05,BBN-bound,choptuik,1.0,2.7600e+07,3.4735e+03,6.7294e+04,8.0384e+02,1.5294e+03,3.5556e+03,1.0747e+05,4.9051e+06,SHOT,1.2674e-20,6.6980e+04,7.5122e-22,6.6980e+04
1.000e+02,2.8712e-05,BBN-bound,choptuik,1.0,2.7600e+07,3.4735e+03,6.7294e+04,8.0384e+02,1.5294e+03,3.5556e+03,1.0747e+05,4.9051e+06,NL-A+F,2.5140e-24,6.6012e+02,2.5042e-24,6.6012e+02
1.000e+02,2.8712e-05,BBN-bound,choptuik,1.0,2.7600e+07,3.4735e+03,6.7294e+04,8.0384e+02,1.5294e+03,3.5556e+03,1.0747e+05,4.9051e+06,NL-B+F,2.5140e-24,6.6012e+02,2.5042e-24,6.6012e+02
1.000e+04,1.1000e-06,BBN-bound,mono,1.0,2.7603e+04,2.0818e+04,2.1279e+06,4.4873e+03,8.8489e+03,2.0573e+04,2.3153e+06,2.5323e+08,LIN-NL,3.2680e-16,3.2873e+00,3.2675e-16,3.2873e+00
1.000e+04,1.1000e-06,BBN-bound,mono,1.0,2.7603e+04,2.0818e+04,2.1279e+06,4.4873e+03,8.8489e+03,2.0573e+04,2.3153e+06,2.5323e+08,LIN-UV,7.9455e-06,1.6526e+03,1.7893e-06,1.3687e+03
1.000e+04,1.1000e-06,BBN-bound,mono,1.0,2.7603e+04,2.0818e+04,2.1279e+06,4.4873e+03,8.8489e+03,2.0573e+04,2.3153e+06,2.5323e+08,NL-A,4.9827e-14,3.1561e+01,4.9435e-14,3.1561e+01
1.000e+04,1.1000e-06,BBN-bound,mono,1.0,2.7603e+04,2.0818e+04,2.1279e+06,4.4873e+03,8.8489e+03,2.0573e+04,2.3153e+06,2.5323e+08,NL-B,3.0432e-12,1.3687e+03,7.8340e-13,1.1336e+03
1.000e+04,1.1000e-06,BBN-bound,mono,1.0,2.7603e+04,2.0818e+04,2.1279e+06,4.4873e+03,8.8489e+03,2.0573e+04,2.3153e+06,2.5323e+08,SHOT,8.3744e-24,1.6526e+03,1.8869e-24,1.3687e+03
1.000e+04,1.1000e-06,BBN-bound,mono,1.0,2.7603e+04,2.0818e+04,2.1279e+06,4.4873e+03,8.8489e+03,2.0573e+04,2.3153e+06,2.5323e+08,NL-A+F,1.1186e-14,3.1561e+01,1.1098e-14,3.1561e+01
1.000e+04,1.1000e-06,BBN-bound,mono,1.0,2.7603e+04,2.0818e+04,2.1279e+06,4.4873e+03,8.8489e+03,2.0573e+04,2.3153e+06,2.5323e+08,NL-B+F,1.1281e-14,3.1561e+01,1.1193e-14,3.1561e+01
1.000e+04,1.1000e-06,BBN-bound,mono,1.0,2.7603e+04,2.0818e+04,2.1279e+06,4.4873e+03,8.8489e+03,2.0573e+04,2.3153e+06,2.5323e+08,LIN-NL-sh,1.0228e-17,3.2873e+00,1.0228e-17,3.2873e+00
1.000e+04,1.1000e-06,BBN-bound,mono,1.0,2.7603e+04,2.0818e+04,2.1279e+06,4.4873e+03,8.8489e+03,2.0573e+04,2.3153e+06,2.5323e+08,NL-A+F-sh,5.6610e-17,3.1561e+01,5.6610e-17,3.1561e+01
1.000e+04,1.1000e-06,BBN-bound,mono,1.0,2.7603e+04,2.0818e+04,2.1279e+06,4.4873e+03,8.8489e+03,2.0573e+04,2.3153e+06,2.5323e+08,NL-B+F-sh,3.7521e-17,3.1561e+01,3.7521e-17,3.1561e+01
1.000e+04,1.1000e-06,BBN-bound,mono,1.8,2.7603e+04,2.0818e+04,2.1279e+06,4.4873e+03,8.8489e+03,1.1429e+04,2.3153e+06,2.5323e+08,LIN-NL,3.2680e-16,3.2873e+00,3.2675e-16,3.2873e+00
1.000e+04,1.1000e-06,BBN-bound,mono,1.8,2.7603e+04,2.0818e+04,2.1279e+06,4.4873e+03,8.8489e+03,1.1429e+04,2.3153e+06,2.5323e+08,LIN-UV,7.9455e-06,1.6526e+03,1.7893e-06,1.3687e+03
1.000e+04,1.1000e-06,BBN-bound,mono,1.8,2.7603e+04,2.0818e+04,2.1279e+06,4.4873e+03,8.8489e+03,1.1429e+04,2.3153e+06,2.5323e+08,NL-A,8.5905e-15,1.0186e+01,8.5808e-15,1.0186e+01
1.000e+04,1.1000e-06,BBN-bound,mono,1.8,2.7603e+04,2.0818e+04,2.1279e+06,4.4873e+03,8.8489e+03,1.1429e+04,2.3153e+06,2.5323e+08,NL-B,7.1102e-13,1.3687e+03,1.8304e-13,1.1336e+03
1.000e+04,1.1000e-06,BBN-bound,mono,1.8,2.7603e+04,2.0818e+04,2.1279e+06,4.4873e+03,8.8489e+03,1.1429e+04,2.3153e+06,2.5323e+08,SHOT,8.3744e-24,1.6526e+03,1.8869e-24,1.3687e+03
1.000e+04,1.1000e-06,BBN-bound,mono,1.8,2.7603e+04,2.0818e+04,2.1279e+06,4.4873e+03,8.8489e+03,1.1429e+04,2.3153e+06,2.5323e+08,NL-A+F,6.2765e-15,8.4359e+00,6.2715e-15,8.4359e+00
1.000e+04,1.1000e-06,BBN-bound,mono,1.8,2.7603e+04,2.0818e+04,2.1279e+06,4.4873e+03,8.8489e+03,1.1429e+04,2.3153e+06,2.5323e+08,NL-B+F,6.2765e-15,8.4359e+00,6.2715e-15,8.4359e+00
1.000e+04,1.1000e-06,BBN-bound,mono,1.8,2.7603e+04,2.0818e+04,2.1279e+06,4.4873e+03,8.8489e+03,1.1429e+04,2.3153e+06,2.5323e+08,LIN-NL-sh,1.0228e-17,3.2873e+00,1.0228e-17,3.2873e+00
1.000e+04,1.1000e-06,BBN-bound,mono,1.8,2.7603e+04,2.0818e+04,2.1279e+06,4.4873e+03,8.8489e+03,1.1429e+04,2.3153e+06,2.5323e+08,NL-A+F-sh,4.3118e-17,8.4359e+00,4.3118e-17,8.4359e+00
1.000e+04,1.1000e-06,BBN-bound,mono,1.8,2.7603e+04,2.0818e+04,2.1279e+06,4.4873e+03,8.8489e+03,1.1429e+04,2.3153e+06,2.5323e+08,NL-B+F-sh,2.2683e-17,8.4359e+00,2.2683e-17,8.4359e+00
1.000e+04,1.1000e-06,BBN-bound,choptuik,1.0,2.7603e+04,2.0818e+04,2.1279e+06,4.4873e+03,8.8489e+03,2.0573e+04,2.3153e+06,2.5323e+08,LIN-NL,4.8406e-29,2.7226e+00,4.8401e-29,2.7226e+00
1.000e+04,1.1000e-06,BBN-bound,choptuik,1.0,2.7603e+04,2.0818e+04,2.1279e+06,4.4873e+03,8.8489e+03,2.0573e+04,2.3153e+06,2.5323e+08,LIN-UV,8.0703e-29,1.0186e+01,8.0612e-29,1.0186e+01
1.000e+04,1.1000e-06,BBN-bound,choptuik,1.0,2.7603e+04,2.0818e+04,2.1279e+06,4.4873e+03,8.8489e+03,2.0573e+04,2.3153e+06,2.5323e+08,NL-A,6.4482e-29,3.9692e+00,6.4468e-29,3.9692e+00
1.000e+04,1.1000e-06,BBN-bound,choptuik,1.0,2.7603e+04,2.0818e+04,2.1279e+06,4.4873e+03,8.8489e+03,2.0573e+04,2.3153e+06,2.5323e+08,NL-B,6.4482e-29,3.9692e+00,6.4468e-29,3.9692e+00
1.000e+04,1.1000e-06,BBN-bound,choptuik,1.0,2.7603e+04,2.0818e+04,2.1279e+06,4.4873e+03,8.8489e+03,2.0573e+04,2.3153e+06,2.5323e+08,SHOT,9.6840e-24,1.6526e+03,1.4480e-24,1.3687e+03
1.000e+04,1.1000e-06,BBN-bound,choptuik,1.0,2.7603e+04,2.0818e+04,2.1279e+06,4.4873e+03,8.8489e+03,2.0573e+04,2.3153e+06,2.5323e+08,NL-A+F,5.5319e-29,3.2873e+00,5.5311e-29,3.2873e+00
1.000e+04,1.1000e-06,BBN-bound,choptuik,1.0,2.7603e+04,2.0818e+04,2.1279e+06,4.4873e+03,8.8489e+03,2.0573e+04,2.3153e+06,2.5323e+08,NL-B+F,5.5319e-29,3.2873e+00,5.5311e-29,3.2873e+00
1.000e+06,4.2143e-08,BBN-bound,mono,1.0,2.8740e+01,1.2480e+05,4.0315e+07,2.7059e+04,5.4451e+04,1.2659e+05,4.9881e+07,1.0868e+10,LIN-NL,6.0214e-18,1.9352e-02,5.6851e-18,1.9352e-02
1.000e+06,4.2143e-08,BBN-bound,mono,1.0,2.8740e+01,1.2480e+05,4.0315e+07,2.7059e+04,5.4451e+04,1.2659e+05,4.9881e+07,1.0868e+10,LIN-UV,7.9615e-06,3.0371e+01,1.1324e-06,3.0371e+01
1.000e+06,4.2143e-08,BBN-bound,mono,1.0,2.8740e+01,1.2480e+05,4.0315e+07,2.7059e+04,5.4451e+04,1.2659e+05,4.9881e+07,1.0868e+10,NL-A,7.4548e-16,1.7994e-01,6.4320e-16,1.7994e-01
1.000e+06,4.2143e-08,BBN-bound,mono,1.0,2.8740e+01,1.2480e+05,4.0315e+07,2.7059e+04,5.4451e+04,1.2659e+05,4.9881e+07,1.0868e+10,NL-B,2.1599e-13,3.0371e+01,3.1755e-14,2.4301e+01
1.000e+06,4.2143e-08,BBN-bound,mono,1.0,2.8740e+01,1.2480e+05,4.0315e+07,2.7059e+04,5.4451e+04,1.2659e+05,4.9881e+07,1.0868e+10,SHOT,6.4858e-27,3.0371e+01,9.2253e-28,3.0371e+01
1.000e+06,4.2143e-08,BBN-bound,mono,1.0,2.8740e+01,1.2480e+05,4.0315e+07,2.7059e+04,5.4451e+04,1.2659e+05,4.9881e+07,1.0868e+10,NL-A+F,2.6394e-16,1.7994e-01,2.2773e-16,1.7994e-01
1.000e+06,4.2143e-08,BBN-bound,mono,1.0,2.8740e+01,1.2480e+05,4.0315e+07,2.7059e+04,5.4451e+04,1.2659e+05,4.9881e+07,1.0868e+10,NL-B+F,2.6414e-16,1.7994e-01,2.2790e-16,1.7994e-01
1.000e+06,4.2143e-08,BBN-bound,mono,1.0,2.8740e+01,1.2480e+05,4.0315e+07,2.7059e+04,5.4451e+04,1.2659e+05,4.9881e+07,1.0868e+10,LIN-NL-sh,5.4726e-20,1.9352e-02,5.4726e-20,1.9352e-02
1.000e+06,4.2143e-08,BBN-bound,mono,1.0,2.8740e+01,1.2480e+05,4.0315e+07,2.7059e+04,5.4451e+04,1.2659e+05,4.9881e+07,1.0868e+10,NL-A+F-sh,3.5275e-19,1.7994e-01,3.5276e-19,1.7994e-01
1.000e+06,4.2143e-08,BBN-bound,mono,1.0,2.8740e+01,1.2480e+05,4.0315e+07,2.7059e+04,5.4451e+04,1.2659e+05,4.9881e+07,1.0868e+10,NL-B+F-sh,1.9847e-19,1.7994e-01,1.9847e-19,1.7994e-01
1.000e+06,4.2143e-08,BBN-bound,mono,1.8,2.8740e+01,1.2480e+05,4.0315e+07,2.7059e+04,5.4451e+04,7.0329e+04,4.9881e+07,1.0868e+10,LIN-NL,6.0214e-18,1.9352e-02,5.6851e-18,1.9352e-02
1.000e+06,4.2143e-08,BBN-bound,mono,1.8,2.8740e+01,1.2480e+05,4.0315e+07,2.7059e+04,5.4451e+04,7.0329e+04,4.9881e+07,1.0868e+10,LIN-UV,7.9615e-06,3.0371e+01,1.1324e-06,3.0371e+01
1.000e+06,4.2143e-08,BBN-bound,mono,1.8,2.8740e+01,1.2480e+05,4.0315e+07,2.7059e+04,5.4451e+04,7.0329e+04,4.9881e+07,1.0868e+10,NL-A,1.2456e-16,5.9011e-02,1.1361e-16,5.9011e-02
1.000e+06,4.2143e-08,BBN-bound,mono,1.8,2.8740e+01,1.2480e+05,4.0315e+07,2.7059e+04,5.4451e+04,7.0329e+04,4.9881e+07,1.0868e+10,NL-B,5.0433e-14,3.0371e+01,7.4147e-15,2.4301e+01
1.000e+06,4.2143e-08,BBN-bound,mono,1.8,2.8740e+01,1.2480e+05,4.0315e+07,2.7059e+04,5.4451e+04,7.0329e+04,4.9881e+07,1.0868e+10,SHOT,6.4858e-27,3.0371e+01,9.2253e-28,3.0371e+01
1.000e+06,4.2143e-08,BBN-bound,mono,1.8,2.8740e+01,1.2480e+05,4.0315e+07,2.7059e+04,5.4451e+04,7.0329e+04,4.9881e+07,1.0868e+10,NL-A+F,1.0218e-16,5.9011e-02,9.3197e-17,5.9011e-02
1.000e+06,4.2143e-08,BBN-bound,mono,1.8,2.8740e+01,1.2480e+05,4.0315e+07,2.7059e+04,5.4451e+04,7.0329e+04,4.9881e+07,1.0868e+10,NL-B+F,1.0218e-16,5.9011e-02,9.3197e-17,5.9011e-02
1.000e+06,4.2143e-08,BBN-bound,mono,1.8,2.8740e+01,1.2480e+05,4.0315e+07,2.7059e+04,5.4451e+04,7.0329e+04,4.9881e+07,1.0868e+10,LIN-NL-sh,5.4726e-20,1.9352e-02,5.4726e-20,1.9352e-02
1.000e+06,4.2143e-08,BBN-bound,mono,1.8,2.8740e+01,1.2480e+05,4.0315e+07,2.7059e+04,5.4451e+04,7.0329e+04,4.9881e+07,1.0868e+10,NL-A+F-sh,2.0175e-19,5.9011e-02,2.0175e-19,5.9011e-02
1.000e+06,4.2143e-08,BBN-bound,mono,1.8,2.8740e+01,1.2480e+05,4.0315e+07,2.7059e+04,5.4451e+04,7.0329e+04,4.9881e+07,1.0868e+10,NL-B+F-sh,8.4634e-20,5.9011e-02,8.4634e-20,5.9011e-02
1.000e+06,4.2143e-08,BBN-bound,choptuik,1.0,2.8740e+01,1.2480e+05,4.0315e+07,2.7059e+04,5.4451e+04,1.2659e+05,4.9881e+07,1.0868e+10,LIN-NL,7.7270e-34,1.5484e-02,7.3290e-34,1.5484e-02
1.000e+06,4.2143e-08,BBN-bound,choptuik,1.0,2.8740e+01,1.2480e+05,4.0315e+07,2.7059e+04,5.4451e+04,1.2659e+05,4.9881e+07,1.0868e+10,LIN-UV,8.1600e-34,2.4187e-02,7.6573e-34,2.4187e-02
1.000e+06,4.2143e-08,BBN-bound,choptuik,1.0,2.8740e+01,1.2480e+05,4.0315e+07,2.7059e+04,5.4451e+04,1.2659e+05,4.9881e+07,1.0868e+10,NL-A,8.0705e-34,1.9352e-02,7.6157e-34,1.9352e-02
1.000e+06,4.2143e-08,BBN-bound,choptuik,1.0,2.8740e+01,1.2480e+05,4.0315e+07,2.7059e+04,5.4451e+04,1.2659e+05,4.9881e+07,1.0868e+10,NL-B,8.0705e-34,1.9352e-02,7.6157e-34,1.9352e-02
1.000e+06,4.2143e-08,BBN-bound,choptuik,1.0,2.8740e+01,1.2480e+05,4.0315e+07,2.7059e+04,5.4451e+04,1.2659e+05,4.9881e+07,1.0868e+10,SHOT,7.5000e-27,3.0371e+01,6.3462e-28,3.0371e+01
1.000e+06,4.2143e-08,BBN-bound,choptuik,1.0,2.8740e+01,1.2480e+05,4.0315e+07,2.7059e+04,5.4451e+04,1.2659e+05,4.9881e+07,1.0868e+10,NL-A+F,7.8173e-34,1.5484e-02,7.4145e-34,1.5484e-02
1.000e+06,4.2143e-08,BBN-bound,choptuik,1.0,2.8740e+01,1.2480e+05,4.0315e+07,2.7059e+04,5.4451e+04,1.2659e+05,4.9881e+07,1.0868e+10,NL-B+F,7.8173e-34,1.5484e-02,7.4145e-34,1.5484e-02
1.000e+08,1.6146e-09,BBN-bound,mono,1.0,4.5084e-02,7.4813e+05,8.4135e+02,1.7064e+05,3.4653e+05,8.0565e+05,1.0747e+09,4.2165e+11,LIN-NL,1.5887e-19,1.3061e-04,1.5947e-24,1.3061e-04
1.000e+08,1.6146e-09,BBN-bound,mono,1.0,4.5084e-02,7.4813e+05,8.4135e+02,1.7064e+05,3.4653e+05,8.0565e+05,1.0747e+09,4.2165e+11,LIN-UV,1.6257e-05,8.2772e-01,4.0672e-18,8.2772e-01
1.000e+08,1.6146e-09,BBN-bound,mono,1.0,4.5084e-02,7.4813e+05,8.4135e+02,1.7064e+05,3.4653e+05,8.0565e+05,1.0747e+09,4.2165e+11,NL-A,1.7928e-17,1.3254e-03,5.1238e-24,2.8276e-04
1.000e+08,1.6146e-09,BBN-bound,mono,1.0,4.5084e-02,7.4813e+05,8.4135e+02,1.7064e+05,3.4653e+05,8.0565e+05,1.0747e+09,4.2165e+11,NL-B,1.9855e-14,8.2772e-01,5.1238e-24,2.8276e-04
1.000e+08,1.6146e-09,BBN-bound,mono,1.0,4.5084e-02,7.4813e+05,8.4135e+02,1.7064e+05,3.4653e+05,8.0565e+05,1.0747e+09,4.2165e+11,SHOT,1.0252e-29,8.2772e-01,2.5648e-42,8.2772e-01
1.000e+08,1.6146e-09,BBN-bound,mono,1.0,4.5084e-02,7.4813e+05,8.4135e+02,1.7064e+05,3.4653e+05,8.0565e+05,1.0747e+09,4.2165e+11,NL-A+F,9.0730e-18,1.3254e-03,4.0171e-24,2.8276e-04
1.000e+08,1.6146e-09,BBN-bound,mono,1.0,4.5084e-02,7.4813e+05,8.4135e+02,1.7064e+05,3.4653e+05,8.0565e+05,1.0747e+09,4.2165e+11,NL-B+F,9.0751e-18,1.3254e-03,4.0171e-24,2.8276e-04
1.000e+08,1.6146e-09,BBN-bound,mono,1.0,4.5084e-02,7.4813e+05,8.4135e+02,1.7064e+05,3.4653e+05,8.0565e+05,1.0747e+09,4.2165e+11,LIN-NL-sh,4.1009e-22,1.3061e-04,1.5947e-24,1.3061e-04
1.000e+08,1.6146e-09,BBN-bound,mono,1.0,4.5084e-02,7.4813e+05,8.4135e+02,1.7064e+05,3.4653e+05,8.0565e+05,1.0747e+09,4.2165e+11,NL-A+F-sh,3.1983e-21,1.3254e-03,4.0171e-24,2.8276e-04
1.000e+08,1.6146e-09,BBN-bound,mono,1.0,4.5084e-02,7.4813e+05,8.4135e+02,1.7064e+05,3.4653e+05,8.0565e+05,1.0747e+09,4.2165e+11,NL-B+F-sh,1.5243e-21,1.3254e-03,4.0171e-24,2.8276e-04
1.000e+08,1.6146e-09,BBN-bound,mono,1.8,4.5084e-02,7.4813e+05,8.4135e+02,1.7064e+05,3.4653e+05,4.4758e+05,1.0747e+09,4.2165e+11,LIN-NL,1.5887e-19,1.3061e-04,1.5947e-24,1.3061e-04
1.000e+08,1.6146e-09,BBN-bound,mono,1.8,4.5084e-02,7.4813e+05,8.4135e+02,1.7064e+05,3.4653e+05,4.4758e+05,1.0747e+09,4.2165e+11,LIN-UV,1.6257e-05,8.2772e-01,4.0672e-18,8.2772e-01
1.000e+08,1.6146e-09,BBN-bound,mono,1.8,4.5084e-02,7.4813e+05,8.4135e+02,1.7064e+05,3.4653e+05,4.4758e+05,1.0747e+09,4.2165e+11,NL-A,3.0021e-18,4.7322e-04,4.2759e-24,2.8276e-04
1.000e+08,1.6146e-09,BBN-bound,mono,1.8,4.5084e-02,7.4813e+05,8.4135e+02,1.7064e+05,3.4653e+05,4.4758e+05,1.0747e+09,4.2165e+11,NL-B,4.8052e-15,8.2772e-01,4.2759e-24,2.8276e-04
1.000e+08,1.6146e-09,BBN-bound,mono,1.8,4.5084e-02,7.4813e+05,8.4135e+02,1.7064e+05,3.4653e+05,4.4758e+05,1.0747e+09,4.2165e+11,SHOT,1.0252e-29,8.2772e-01,2.5648e-42,8.2772e-01
1.000e+08,1.6146e-09,BBN-bound,mono,1.8,4.5084e-02,7.4813e+05,8.4135e+02,1.7064e+05,3.4653e+05,4.4758e+05,1.0747e+09,4.2165e+11,NL-A+F,2.6264e-18,4.7322e-04,3.9630e-24,2.8276e-04
1.000e+08,1.6146e-09,BBN-bound,mono,1.8,4.5084e-02,7.4813e+05,8.4135e+02,1.7064e+05,3.4653e+05,4.4758e+05,1.0747e+09,4.2165e+11,NL-B+F,3.8099e-18,8.0371e-03,3.9630e-24,2.8276e-04
1.000e+08,1.6146e-09,BBN-bound,mono,1.8,4.5084e-02,7.4813e+05,8.4135e+02,1.7064e+05,3.4653e+05,4.4758e+05,1.0747e+09,4.2165e+11,LIN-NL-sh,4.1009e-22,1.3061e-04,1.5947e-24,1.3061e-04
1.000e+08,1.6146e-09,BBN-bound,mono,1.8,4.5084e-02,7.4813e+05,8.4135e+02,1.7064e+05,3.4653e+05,4.4758e+05,1.0747e+09,4.2165e+11,NL-A+F-sh,1.4693e-21,4.7322e-04,3.9630e-24,2.8276e-04
1.000e+08,1.6146e-09,BBN-bound,mono,1.8,4.5084e-02,7.4813e+05,8.4135e+02,1.7064e+05,3.4653e+05,4.4758e+05,1.0747e+09,4.2165e+11,NL-B+F-sh,7.0851e-22,8.0371e-03,3.9630e-24,2.8276e-04
1.000e+08,1.6146e-09,BBN-bound,choptuik,1.0,4.5084e-02,7.4813e+05,8.4135e+02,1.7064e+05,3.4653e+05,8.0565e+05,1.0747e+09,4.2165e+11,LIN-NL,1.4234e-38,7.8040e-05,8.0657e-42,7.6900e-06
1.000e+08,1.6146e-09,BBN-bound,choptuik,1.0,4.5084e-02,7.4813e+05,8.4135e+02,1.7064e+05,3.4653e+05,8.0565e+05,1.0747e+09,4.2165e+11,LIN-UV,1.4234e-38,7.8040e-05,8.0657e-42,7.6900e-06
1.000e+08,1.6146e-09,BBN-bound,choptuik,1.0,4.5084e-02,7.4813e+05,8.4135e+02,1.7064e+05,3.4653e+05,8.0565e+05,1.0747e+09,4.2165e+11,NL-A,1.4234e-38,7.8040e-05,8.0657e-42,7.6900e-06
1.000e+08,1.6146e-09,BBN-bound,choptuik,1.0,4.5084e-02,7.4813e+05,8.4135e+02,1.7064e+05,3.4653e+05,8.0565e+05,1.0747e+09,4.2165e+11,NL-B,1.4234e-38,7.8040e-05,8.0657e-42,7.6900e-06
1.000e+08,1.6146e-09,BBN-bound,choptuik,1.0,4.5084e-02,7.4813e+05,8.4135e+02,1.7064e+05,3.4653e+05,8.0565e+05,1.0747e+09,4.2165e+11,SHOT,1.1855e-29,8.2772e-01,2.4742e-52,2.7456e-06
1.000e+08,1.6146e-09,BBN-bound,choptuik,1.0,4.5084e-02,7.4813e+05,8.4135e+02,1.7064e+05,3.4653e+05,8.0565e+05,1.0747e+09,4.2165e+11,NL-A+F,1.4234e-38,7.8040e-05,8.0657e-42,7.6900e-06
1.000e+08,1.6146e-09,BBN-bound,choptuik,1.0,4.5084e-02,7.4813e+05,8.4135e+02,1.7064e+05,3.4653e+05,8.0565e+05,1.0747e+09,4.2165e+11,NL-B+F,1.4234e-38,7.8040e-05,8.0657e-42,7.6900e-06
1.000e+04,1.0000e-06,Stage-1 fiducial,mono,1.0,2.7603e+04,1.8334e+04,2.1279e+06,4.8058e+03,9.5150e+03,2.2121e+04,2.3153e+06,2.0368e+08,LIN-NL,3.0021e-16,3.2873e+00,3.0016e-16,3.2873e+00
1.000e+04,1.0000e-06,Stage-1 fiducial,mono,1.0,2.7603e+04,1.8334e+04,2.1279e+06,4.8058e+03,9.5150e+03,2.2121e+04,2.3153e+06,2.0368e+08,LIN-UV,4.7799e-06,1.6526e+03,1.0764e-06,1.3687e+03
1.000e+04,1.0000e-06,Stage-1 fiducial,mono,1.0,2.7603e+04,1.8334e+04,2.1279e+06,4.8058e+03,9.5150e+03,2.2121e+04,2.3153e+06,2.0368e+08,NL-A,4.2131e-14,3.1560e+01,4.1800e-14,3.1560e+01
1.000e+04,1.0000e-06,Stage-1 fiducial,mono,1.0,2.7603e+04,1.8334e+04,2.1279e+06,4.8058e+03,9.5150e+03,2.2121e+04,2.3153e+06,2.0368e+08,NL-B,2.3224e-12,1.3687e+03,5.9784e-13,1.1336e+03
1.000e+04,1.0000e-06,Stage-1 fiducial,mono,1.0,2.7603e+04,1.8334e+04,2.1279e+06,4.8058e+03,9.5150e+03,2.2121e+04,2.3153e+06,2.0368e+08,SHOT,8.3744e-24,1.6526e+03,1.8869e-24,1.3687e+03
1.000e+04,1.0000e-06,Stage-1 fiducial,mono,1.0,2.7603e+04,1.8334e+04,2.1279e+06,4.8058e+03,9.5150e+03,2.2121e+04,2.3153e+06,2.0368e+08,NL-A+F,9.6036e-15,3.1560e+01,9.5280e-15,3.1560e+01
1.000e+04,1.0000e-06,Stage-1 fiducial,mono,1.0,2.7603e+04,1.8334e+04,2.1279e+06,4.8058e+03,9.5150e+03,2.2121e+04,2.3153e+06,2.0368e+08,NL-B+F,9.6149e-15,3.1560e+01,9.5392e-15,3.1560e+01
1.000e+04,1.0000e-06,Stage-1 fiducial,mono,1.0,2.7603e+04,1.8334e+04,2.1279e+06,4.8058e+03,9.5150e+03,2.2121e+04,2.3153e+06,2.0368e+08,LIN-NL-sh,8.8800e-18,3.2873e+00,8.8800e-18,3.2873e+00
1.000e+04,1.0000e-06,Stage-1 fiducial,mono,1.0,2.7603e+04,1.8334e+04,2.1279e+06,4.8058e+03,9.5150e+03,2.2121e+04,2.3153e+06,2.0368e+08,NL-A+F-sh,4.6097e-17,3.1560e+01,4.6097e-17,3.1560e+01
1.000e+04,1.0000e-06,Stage-1 fiducial,mono,1.0,2.7603e+04,1.8334e+04,2.1279e+06,4.8058e+03,9.5150e+03,2.2121e+04,2.3153e+06,2.0368e+08,NL-B+F-sh,3.0431e-17,3.1560e+01,3.0431e-17,3.1560e+01
1.000e+04,1.0000e-06,Stage-1 fiducial,mono,1.8,2.7603e+04,1.8334e+04,2.1279e+06,4.8058e+03,9.5150e+03,1.2290e+04,2.3153e+06,2.0368e+08,LIN-NL,3.0021e-16,3.2873e+00,3.0016e-16,3.2873e+00
1.000e+04,1.0000e-06,Stage-1 fiducial,mono,1.8,2.7603e+04,1.8334e+04,2.1279e+06,4.8058e+03,9.5150e+03,1.2290e+04,2.3153e+06,2.0368e+08,LIN-UV,4.7799e-06,1.6526e+03,1.0764e-06,1.3687e+03
1.000e+04,1.0000e-06,Stage-1 fiducial,mono,1.8,2.7603e+04,1.8334e+04,2.1279e+06,4.8058e+03,9.5150e+03,1.2290e+04,2.3153e+06,2.0368e+08,NL-A,7.1313e-15,1.2298e+01,7.1232e-15,1.0186e+01
1.000e+04,1.0000e-06,Stage-1 fiducial,mono,1.8,2.7603e+04,1.8334e+04,2.1279e+06,4.8058e+03,9.5150e+03,1.2290e+04,2.3153e+06,2.0368e+08,NL-B,5.4261e-13,1.3687e+03,1.3968e-13,1.1336e+03
1.000e+04,1.0000e-06,Stage-1 fiducial,mono,1.8,2.7603e+04,1.8334e+04,2.1279e+06,4.8058e+03,9.5150e+03,1.2290e+04,2.3153e+06,2.0368e+08,SHOT,8.3744e-24,1.6526e+03,1.8869e-24,1.3687e+03
1.000e+04,1.0000e-06,Stage-1 fiducial,mono,1.8,2.7603e+04,1.8334e+04,2.1279e+06,4.8058e+03,9.5150e+03,1.2290e+04,2.3153e+06,2.0368e+08,NL-A+F,5.3048e-15,1.0186e+01,5.2988e-15,1.0186e+01
1.000e+04,1.0000e-06,Stage-1 fiducial,mono,1.8,2.7603e+04,1.8334e+04,2.1279e+06,4.8058e+03,9.5150e+03,1.2290e+04,2.3153e+06,2.0368e+08,NL-B+F,5.3048e-15,1.0186e+01,5.2988e-15,1.0186e+01
1.000e+04,1.0000e-06,Stage-1 fiducial,mono,1.8,2.7603e+04,1.8334e+04,2.1279e+06,4.8058e+03,9.5150e+03,1.2290e+04,2.3153e+06,2.0368e+08,LIN-NL-sh,8.8800e-18,3.2873e+00,8.8800e-18,3.2873e+00
1.000e+04,1.0000e-06,Stage-1 fiducial,mono,1.8,2.7603e+04,1.8334e+04,2.1279e+06,4.8058e+03,9.5150e+03,1.2290e+04,2.3153e+06,2.0368e+08,NL-A+F-sh,3.4687e-17,1.0186e+01,3.4687e-17,1.0186e+01
1.000e+04,1.0000e-06,Stage-1 fiducial,mono,1.8,2.7603e+04,1.8334e+04,2.1279e+06,4.8058e+03,9.5150e+03,1.2290e+04,2.3153e+06,2.0368e+08,NL-B+F-sh,1.8273e-17,1.0186e+01,1.8273e-17,1.0186e+01
1.000e+04,1.0000e-06,Stage-1 fiducial,choptuik,1.0,2.7603e+04,1.8334e+04,2.1279e+06,4.8058e+03,9.5150e+03,2.2121e+04,2.3153e+06,2.0368e+08,LIN-NL,3.4199e-29,2.7226e+00,3.4195e-29,2.7226e+00
1.000e+04,1.0000e-06,Stage-1 fiducial,choptuik,1.0,2.7603e+04,1.8334e+04,2.1279e+06,4.8058e+03,9.5150e+03,2.2121e+04,2.3153e+06,2.0368e+08,LIN-UV,4.9538e-29,1.0186e+01,4.9482e-29,1.0186e+01
1.000e+04,1.0000e-06,Stage-1 fiducial,choptuik,1.0,2.7603e+04,1.8334e+04,2.1279e+06,4.8058e+03,9.5150e+03,2.2121e+04,2.3153e+06,2.0368e+08,NL-A,4.1751e-29,3.9691e+00,4.1742e-29,3.9691e+00
1.000e+04,1.0000e-06,Stage-1 fiducial,choptuik,1.0,2.7603e+04,1.8334e+04,2.1279e+06,4.8058e+03,9.5150e+03,2.2121e+04,2.3153e+06,2.0368e+08,NL-B,4.1751e-29,3.9691e+00,4.1742e-29,3.9691e+00
1.000e+04,1.0000e-06,Stage-1 fiducial,choptuik,1.0,2.7603e+04,1.8334e+04,2.1279e+06,4.8058e+03,9.5150e+03,2.2121e+04,2.3153e+06,2.0368e+08,SHOT,9.6840e-24,1.6526e+03,1.4480e-24,1.3687e+03
1.000e+04,1.0000e-06,Stage-1 fiducial,choptuik,1.0,2.7603e+04,1.8334e+04,2.1279e+06,4.8058e+03,9.5150e+03,2.2121e+04,2.3153e+06,2.0368e+08,NL-A+F,3.6647e-29,3.2873e+00,3.6641e-29,3.2873e+00
1.000e+04,1.0000e-06,Stage-1 fiducial,choptuik,1.0,2.7603e+04,1.8334e+04,2.1279e+06,4.8058e+03,9.5150e+03,2.2121e+04,2.3153e+06,2.0368e+08,NL-B+F,3.6647e-29,3.2873e+00,3.6641e-29,3.2873e+00
1.000e+00,1.4574e-04,30 beta_c,mono,1.0,2.7440e+10,6.6111e+01,2.1342e+03,4.2746e+02,8.5466e+02,1.9870e+03,4.9830e+03,2.8019e+03,LIN-NL,8.8930e-14,2.8375e+05,7.0784e-14,2.8375e+05
1.000e+00,1.4574e-04,30 beta_c,mono,1.0,2.7440e+10,6.6111e+01,2.1342e+03,4.2746e+02,8.5466e+02,1.9870e+03,4.9830e+03,2.8019e+03,LIN-UV,1.2397e-09,3.4886e+06,8.6107e-11,3.0957e+06
1.000e+00,1.4574e-04,30 beta_c,mono,1.0,2.7440e+10,6.6111e+01,2.1342e+03,4.2746e+02,8.5466e+02,1.9870e+03,4.9830e+03,2.8019e+03,NL-A,1.1482e-11,2.7471e+06,1.2655e-12,1.9195e+06
1.000e+00,1.4574e-04,30 beta_c,mono,1.0,2.7440e+10,6.6111e+01,2.1342e+03,4.2746e+02,8.5466e+02,1.9870e+03,4.9830e+03,2.8019e+03,NL-B,1.1485e-11,2.7471e+06,1.2655e-12,1.9195e+06
1.000e+00,1.4574e-04,30 beta_c,mono,1.0,2.7440e+10,6.6111e+01,2.1342e+03,4.2746e+02,8.5466e+02,1.9870e+03,4.9830e+03,2.8019e+03,SHOT,1.4349e-17,3.4886e+06,1.0047e-18,3.0957e+06
1.000e+00,1.4574e-04,30 beta_c,mono,1.0,2.7440e+10,6.6111e+01,2.1342e+03,4.2746e+02,8.5466e+02,1.9870e+03,4.9830e+03,2.8019e+03,NL-A+F,1.2064e-12,2.7471e+06,4.7783e-13,6.5490e+05
1.000e+00,1.4574e-04,30 beta_c,mono,1.0,2.7440e+10,6.6111e+01,2.1342e+03,4.2746e+02,8.5466e+02,1.9870e+03,4.9830e+03,2.8019e+03,NL-B+F,1.2066e-12,2.7471e+06,4.7783e-13,6.5490e+05
1.000e+00,1.4574e-04,30 beta_c,mono,1.0,2.7440e+10,6.6111e+01,2.1342e+03,4.2746e+02,8.5466e+02,1.9870e+03,4.9830e+03,2.8019e+03,LIN-NL-sh,1.0926e-14,2.8375e+05,1.0852e-14,2.8375e+05
1.000e+00,1.4574e-04,30 beta_c,mono,1.0,2.7440e+10,6.6111e+01,2.1342e+03,4.2746e+02,8.5466e+02,1.9870e+03,4.9830e+03,2.8019e+03,NL-A+F-sh,4.1288e-14,2.7471e+06,3.4918e-14,2.7471e+06
1.000e+00,1.4574e-04,30 beta_c,mono,1.0,2.7440e+10,6.6111e+01,2.1342e+03,4.2746e+02,8.5466e+02,1.9870e+03,4.9830e+03,2.8019e+03,NL-B+F-sh,4.1292e-14,2.7471e+06,3.4921e-14,2.7471e+06
1.000e+00,1.4574e-04,30 beta_c,mono,1.8,2.7440e+10,6.6111e+01,2.1342e+03,4.2746e+02,8.5466e+02,1.1039e+03,4.9830e+03,2.8019e+03,LIN-NL,8.8930e-14,2.8375e+05,7.0784e-14,2.8375e+05
1.000e+00,1.4574e-04,30 beta_c,mono,1.8,2.7440e+10,6.6111e+01,2.1342e+03,4.2746e+02,8.5466e+02,1.1039e+03,4.9830e+03,2.8019e+03,LIN-UV,1.2397e-09,3.4886e+06,8.6107e-11,3.0957e+06
1.000e+00,1.4574e-04,30 beta_c,mono,1.8,2.7440e+10,6.6111e+01,2.1342e+03,4.2746e+02,8.5466e+02,1.1039e+03,4.9830e+03,2.8019e+03,NL-A,1.9315e-12,1.0562e+06,8.0766e-13,7.3802e+05
1.000e+00,1.4574e-04,30 beta_c,mono,1.8,2.7440e+10,6.6111e+01,2.1342e+03,4.2746e+02,8.5466e+02,1.1039e+03,4.9830e+03,2.8019e+03,NL-B,1.9315e-12,1.0562e+06,8.0766e-13,7.3802e+05
1.000e+00,1.4574e-04,30 beta_c,mono,1.8,2.7440e+10,6.6111e+01,2.1342e+03,4.2746e+02,8.5466e+02,1.1039e+03,4.9830e+03,2.8019e+03,SHOT,1.4349e-17,3.4886e+06,1.0047e-18,3.0957e+06
1.000e+00,1.4574e-04,30 beta_c,mono,1.8,2.7440e+10,6.6111e+01,2.1342e+03,4.2746e+02,8.5466e+02,1.1039e+03,4.9830e+03,2.8019e+03,NL-A+F,1.1700e-12,8.3168e+05,5.4622e-13,6.5490e+05
1.000e+00,1.4574e-04,30 beta_c,mono,1.8,2.7440e+10,6.6111e+01,2.1342e+03,4.2746e+02,8.5466e+02,1.1039e+03,4.9830e+03,2.8019e+03,NL-B+F,1.1700e-12,8.3168e+05,5.4622e-13,6.5490e+05
1.000e+00,1.4574e-04,30 beta_c,mono,1.8,2.7440e+10,6.6111e+01,2.1342e+03,4.2746e+02,8.5466e+02,1.1039e+03,4.9830e+03,2.8019e+03,LIN-NL-sh,1.0926e-14,2.8375e+05,1.0852e-14,2.8375e+05
1.000e+00,1.4574e-04,30 beta_c,mono,1.8,2.7440e+10,6.6111e+01,2.1342e+03,4.2746e+02,8.5466e+02,1.1039e+03,4.9830e+03,2.8019e+03,NL-A+F-sh,4.2806e-14,8.3168e+05,4.2089e-14,8.3168e+05
1.000e+00,1.4574e-04,30 beta_c,mono,1.8,2.7440e+10,6.6111e+01,2.1342e+03,4.2746e+02,8.5466e+02,1.1039e+03,4.9830e+03,2.8019e+03,NL-B+F-sh,4.0892e-14,8.3168e+05,4.0238e-14,8.3168e+05
1.000e+00,1.4574e-04,30 beta_c,choptuik,1.0,2.7440e+10,6.6111e+01,2.1342e+03,4.2746e+02,8.5466e+02,1.9870e+03,4.9830e+03,2.8019e+03,LIN-NL,1.7359e-22,2.2344e+05,1.4667e-22,2.2344e+05
1.000e+00,1.4574e-04,30 beta_c,choptuik,1.0,2.7440e+10,6.6111e+01,2.1342e+03,4.2746e+02,8.5466e+02,1.9870e+03,4.9830e+03,2.8019e+03,LIN-UV,2.0143e-22,5.1569e+05,1.5039e-22,2.8375e+05
1.000e+00,1.4574e-04,30 beta_c,choptuik,1.0,2.7440e+10,6.6111e+01,2.1342e+03,4.2746e+02,8.5466e+02,1.9870e+03,4.9830e+03,2.8019e+03,NL-A,1.9467e-22,3.1976e+05,1.5039e-22,2.8375e+05
1.000e+00,1.4574e-04,30 beta_c,choptuik,1.0,2.7440e+10,6.6111e+01,2.1342e+03,4.2746e+02,8.5466e+02,1.9870e+03,4.9830e+03,2.8019e+03,NL-B,1.9467e-22,3.1976e+05,1.5039e-22,2.8375e+05
1.000e+00,1.4574e-04,30 beta_c,choptuik,1.0,2.7440e+10,6.6111e+01,2.1342e+03,4.2746e+02,8.5466e+02,1.9870e+03,4.9830e+03,2.8019e+03,SHOT,1.6593e-17,3.4886e+06,3.4929e-19,2.7471e+06
1.000e+00,1.4574e-04,30 beta_c,choptuik,1.0,2.7440e+10,6.6111e+01,2.1342e+03,4.2746e+02,8.5466e+02,1.9870e+03,4.9830e+03,2.8019e+03,NL-A+F,1.7090e-22,2.5179e+05,1.4223e-22,2.2344e+05
1.000e+00,1.4574e-04,30 beta_c,choptuik,1.0,2.7440e+10,6.6111e+01,2.1342e+03,4.2746e+02,8.5466e+02,1.9870e+03,4.9830e+03,2.8019e+03,NL-B+F,1.7090e-22,2.5179e+05,1.4223e-22,2.2344e+05
1.000e+04,1.4574e-08,30 beta_c,mono,1.0,2.7440e+04,6.6111e+01,2.1342e+06,1.8285e+05,3.7354e+05,8.6845e+05,2.3129e+06,3.3559e+03,LIN-NL,7.3146e-20,1.1728e+02,6.8590e-20,1.1728e+02
1.000e+04,1.4574e-08,30 beta_c,mono,1.0,2.7440e+04,6.6111e+01,2.1342e+06,1.8285e+05,3.7354e+05,8.6845e+05,2.3129e+06,3.3559e+03,LIN-UV,7.6434e-16,1.6413e+03,1.7313e-16,1.3593e+03
1.000e+04,1.4574e-08,30 beta_c,mono,1.0,2.7440e+04,6.6111e+01,2.1342e+06,1.8285e+05,3.7354e+05,8.6845e+05,2.3129e+06,3.3559e+03,NL-A,7.6632e-18,1.1258e+03,2.5200e-18,9.3243e+02
1.000e+04,1.4574e-08,30 beta_c,mono,1.0,2.7440e+04,6.6111e+01,2.1342e+06,1.8285e+05,3.7354e+05,8.6845e+05,2.3129e+06,3.3559e+03,NL-B,7.6632e-18,1.1258e+03,2.5200e-18,9.3243e+02
1.000e+04,1.4574e-08,30 beta_c,mono,1.0,2.7440e+04,6.6111e+01,2.1342e+06,1.8285e+05,3.7354e+05,8.6845e+05,2.3129e+06,3.3559e+03,SHOT,8.3937e-24,1.6413e+03,1.9013e-24,1.3593e+03
1.000e+04,1.4574e-08,30 beta_c,mono,1.0,2.7440e+04,6.6111e+01,2.1342e+06,1.8285e+05,3.7354e+05,8.6845e+05,2.3129e+06,3.3559e+03,NL-A+F,3.9137e-18,1.1258e+03,1.2878e-18,9.3243e+02
1.000e+04,1.4574e-08,30 beta_c,mono,1.0,2.7440e+04,6.6111e+01,2.1342e+06,1.8285e+05,3.7354e+05,8.6845e+05,2.3129e+06,3.3559e+03,NL-B+F,3.9137e-18,1.1258e+03,1.2878e-18,9.3243e+02
1.000e+04,1.4574e-08,30 beta_c,mono,1.0,2.7440e+04,6.6111e+01,2.1342e+06,1.8285e+05,3.7354e+05,8.6845e+05,2.3129e+06,3.3559e+03,LIN-NL-sh,1.7563e-22,1.1728e+02,1.7562e-22,1.1728e+02
1.000e+04,1.4574e-08,30 beta_c,mono,1.0,2.7440e+04,6.6111e+01,2.1342e+06,1.8285e+05,3.7354e+05,8.6845e+05,2.3129e+06,3.3559e+03,NL-A+F-sh,1.6212e-21,1.1258e+03,1.6206e-21,1.1258e+03
1.000e+04,1.4574e-08,30 beta_c,mono,1.0,2.7440e+04,6.6111e+01,2.1342e+06,1.8285e+05,3.7354e+05,8.6845e+05,2.3129e+06,3.3559e+03,NL-B+F-sh,1.6178e-21,1.1258e+03,1.6173e-21,1.1258e+03
1.000e+04,1.4574e-08,30 beta_c,mono,1.8,2.7440e+04,6.6111e+01,2.1342e+06,1.8285e+05,3.7354e+05,4.8247e+05,2.3129e+06,3.3559e+03,LIN-NL,7.3146e-20,1.1728e+02,6.8590e-20,1.1728e+02
1.000e+04,1.4574e-08,30 beta_c,mono,1.8,2.7440e+04,6.6111e+01,2.1342e+06,1.8285e+05,3.7354e+05,4.8247e+05,2.3129e+06,3.3559e+03,LIN-UV,7.6434e-16,1.6413e+03,1.7313e-16,1.3593e+03
1.000e+04,1.4574e-08,30 beta_c,mono,1.8,2.7440e+04,6.6111e+01,2.1342e+06,1.8285e+05,3.7354e+05,4.8247e+05,2.3129e+06,3.3559e+03,NL-A,1.2866e-18,4.3873e+02,8.9815e-19,3.6337e+02
1.000e+04,1.4574e-08,30 beta_c,mono,1.8,2.7440e+04,6.6111e+01,2.1342e+06,1.8285e+05,3.7354e+05,4.8247e+05,2.3129e+06,3.3559e+03,NL-B,1.2866e-18,4.3873e+02,8.9815e-19,3.6337e+02
1.000e+04,1.4574e-08,30 beta_c,mono,1.8,2.7440e+04,6.6111e+01,2.1342e+06,1.8285e+05,3.7354e+05,4.8247e+05,2.3129e+06,3.3559e+03,SHOT,8.3937e-24,1.6413e+03,1.9013e-24,1.3593e+03
1.000e+04,1.4574e-08,30 beta_c,mono,1.8,2.7440e+04,6.6111e+01,2.1342e+06,1.8285e+05,3.7354e+05,4.8247e+05,2.3129e+06,3.3559e+03,NL-A+F,1.1238e-18,4.3873e+02,8.0279e-19,3.6337e+02
1.000e+04,1.4574e-08,30 beta_c,mono,1.8,2.7440e+04,6.6111e+01,2.1342e+06,1.8285e+05,3.7354e+05,4.8247e+05,2.3129e+06,3.3559e+03,NL-B+F,1.1238e-18,4.3873e+02,8.0279e-19,3.6337e+02
1.000e+04,1.4574e-08,30 beta_c,mono,1.8,2.7440e+04,6.6111e+01,2.1342e+06,1.8285e+05,3.7354e+05,4.8247e+05,2.3129e+06,3.3559e+03,LIN-NL-sh,1.7563e-22,1.1728e+02,1.7562e-22,1.1728e+02
1.000e+04,1.4574e-08,30 beta_c,mono,1.8,2.7440e+04,6.6111e+01,2.1342e+06,1.8285e+05,3.7354e+05,4.8247e+05,2.3129e+06,3.3559e+03,NL-A+F-sh,6.4112e-22,4.3873e+02,6.4108e-22,4.3873e+02
1.000e+04,1.4574e-08,30 beta_c,mono,1.8,2.7440e+04,6.6111e+01,2.1342e+06,1.8285e+05,3.7354e+05,4.8247e+05,2.3129e+06,3.3559e+03,NL-B+F-sh,5.8402e-22,4.3873e+02,5.8398e-22,4.3873e+02
1.000e+04,1.4574e-08,30 beta_c,choptuik,1.0,2.7440e+04,6.6111e+01,2.1342e+06,1.8285e+05,3.7354e+05,8.6845e+05,2.3129e+06,3.3559e+03,LIN-NL,2.0153e-38,5.9886e-01,2.0153e-38,5.9886e-01
1.000e+04,1.4574e-08,30 beta_c,choptuik,1.0,2.7440e+04,6.6111e+01,2.1342e+06,1.8285e+05,3.7354e+05,8.6845e+05,2.3129e+06,3.3559e+03,LIN-UV,2.0153e-38,5.9886e-01,2.0153e-38,5.9886e-01
1.000e+04,1.4574e-08,30 beta_c,choptuik,1.0,2.7440e+04,6.6111e+01,2.1342e+06,1.8285e+05,3.7354e+05,8.6845e+05,2.3129e+06,3.3559e+03,NL-A,2.0153e-38,5.9886e-01,2.0153e-38,5.9886e-01
1.000e+04,1.4574e-08,30 beta_c,choptuik,1.0,2.7440e+04,6.6111e+01,2.1342e+06,1.8285e+05,3.7354e+05,8.6845e+05,2.3129e+06,3.3559e+03,NL-B,2.0153e-38,5.9886e-01,2.0153e-38,5.9886e-01
1.000e+04,1.4574e-08,30 beta_c,choptuik,1.0,2.7440e+04,6.6111e+01,2.1342e+06,1.8285e+05,3.7354e+05,8.6845e+05,2.3129e+06,3.3559e+03,SHOT,9.7062e-24,1.6413e+03,1.4629e-24,1.3593e+03
1.000e+04,1.4574e-08,30 beta_c,choptuik,1.0,2.7440e+04,6.6111e+01,2.1342e+06,1.8285e+05,3.7354e+05,8.6845e+05,2.3129e+06,3.3559e+03,NL-A+F,2.0153e-38,5.9886e-01,2.0153e-38,5.9886e-01
1.000e+04,1.4574e-08,30 beta_c,choptuik,1.0,2.7440e+04,6.6111e+01,2.1342e+06,1.8285e+05,3.7354e+05,8.6845e+05,2.3129e+06,3.3559e+03,NL-B+F,2.0153e-38,5.9886e-01,2.0153e-38,5.9886e-01
