M_g,beta,label,sigma,x_cl,channel,peak_h2_damped,f_peak,int_h2_damped
1.0e+02,2.8712e-05,2012.08151 bound,mono,3.5556e+03,NL-A,2.7854e-12,5.5127e+03,3.7843e-12
1.0e+02,2.8712e-05,2012.08151 bound,mono,3.5556e+03,NL-A+F,3.6308e-13,5.5127e+03,7.4517e-13
1.0e+02,2.8712e-05,2012.08151 bound,mono,3.5556e+03,LIN-NL,1.6132e-14,5.7294e+02,6.0765e-15
1.0e+02,2.8712e-05,2012.08151 bound,mono,3.5556e+03,SHOT,1.3542e-21,7.2908e+04,9.8153e-22
1.0e+02,2.8712e-05,2012.08151 bound,1e-07,3.5556e+03,NL-A,2.7854e-12,5.5127e+03,3.7843e-12
1.0e+02,2.8712e-05,2012.08151 bound,1e-07,3.5556e+03,NL-A+F,3.6308e-13,5.5127e+03,7.4517e-13
1.0e+02,2.8712e-05,2012.08151 bound,1e-07,3.5556e+03,LIN-NL,1.6132e-14,5.7294e+02,6.0765e-15
1.0e+02,2.8712e-05,2012.08151 bound,1e-07,3.5556e+03,SHOT,1.3542e-21,7.2908e+04,9.8153e-22
1.0e+02,2.8712e-05,2012.08151 bound,1e-06,3.5556e+03,NL-A,2.7851e-12,5.5127e+03,3.7838e-12
1.0e+02,2.8712e-05,2012.08151 bound,1e-06,3.5556e+03,NL-A+F,3.6303e-13,5.5127e+03,7.4510e-13
1.0e+02,2.8712e-05,2012.08151 bound,1e-06,3.5556e+03,LIN-NL,1.6132e-14,5.7294e+02,6.0765e-15
1.0e+02,2.8712e-05,2012.08151 bound,1e-06,3.5556e+03,SHOT,1.3542e-21,7.2908e+04,9.8152e-22
1.0e+02,2.8712e-05,2012.08151 bound,1.5e-06,3.5556e+03,NL-A,2.7847e-12,5.5127e+03,3.7832e-12
1.0e+02,2.8712e-05,2012.08151 bound,1.5e-06,3.5556e+03,NL-A+F,3.6298e-13,5.5127e+03,7.4501e-13
1.0e+02,2.8712e-05,2012.08151 bound,1.5e-06,3.5556e+03,LIN-NL,1.6132e-14,5.7294e+02,6.0765e-15
1.0e+02,2.8712e-05,2012.08151 bound,1.5e-06,3.5556e+03,SHOT,1.3542e-21,7.2908e+04,9.8152e-22
1.0e+02,2.8712e-05,2012.08151 bound,2e-06,3.5556e+03,NL-A,2.7841e-12,5.5127e+03,3.7824e-12
1.0e+02,2.8712e-05,2012.08151 bound,2e-06,3.5556e+03,NL-A+F,3.6290e-13,5.5127e+03,7.4489e-13
1.0e+02,2.8712e-05,2012.08151 bound,2e-06,3.5556e+03,LIN-NL,1.6132e-14,5.7294e+02,6.0765e-15
1.0e+02,2.8712e-05,2012.08151 bound,2e-06,3.5556e+03,SHOT,1.3542e-21,7.2908e+04,9.8152e-22
1.0e+02,2.8712e-05,2012.08151 bound,3e-06,3.5556e+03,NL-A,2.7824e-12,5.5127e+03,3.7800e-12
1.0e+02,2.8712e-05,2012.08151 bound,3e-06,3.5556e+03,NL-A+F,3.6269e-13,5.5127e+03,7.4455e-13
1.0e+02,2.8712e-05,2012.08151 bound,3e-06,3.5556e+03,LIN-NL,1.6132e-14,5.7294e+02,6.0765e-15
1.0e+02,2.8712e-05,2012.08151 bound,3e-06,3.5556e+03,SHOT,1.3542e-21,7.2908e+04,9.8152e-22
1.0e+02,2.8712e-05,2012.08151 bound,5e-06,3.5556e+03,NL-A,2.7771e-12,5.5127e+03,3.7724e-12
1.0e+02,2.8712e-05,2012.08151 bound,5e-06,3.5556e+03,NL-A+F,3.6199e-13,5.5127e+03,7.4345e-13
1.0e+02,2.8712e-05,2012.08151 bound,5e-06,3.5556e+03,LIN-NL,1.6131e-14,5.7294e+02,6.0764e-15
1.0e+02,2.8712e-05,2012.08151 bound,5e-06,3.5556e+03,SHOT,1.3542e-21,7.2908e+04,9.8152e-22
1.0e+02,2.8712e-05,2012.08151 bound,7e-06,3.5556e+03,NL-A,2.7692e-12,5.5127e+03,3.7612e-12
1.0e+02,2.8712e-05,2012.08151 bound,7e-06,3.5556e+03,NL-A+F,3.6096e-13,5.5127e+03,7.4182e-13
1.0e+02,2.8712e-05,2012.08151 bound,7e-06,3.5556e+03,LIN-NL,1.6131e-14,5.7294e+02,6.0762e-15
1.0e+02,2.8712e-05,2012.08151 bound,7e-06,3.5556e+03,SHOT,1.3542e-21,7.2908e+04,9.8151e-22
1.0e+02,2.8712e-05,2012.08151 bound,1e-05,3.5556e+03,NL-A,2.7524e-12,5.5127e+03,3.7376e-12
1.0e+02,2.8712e-05,2012.08151 bound,1e-05,3.5556e+03,NL-A+F,3.5877e-13,5.5127e+03,7.3840e-13
1.0e+02,2.8712e-05,2012.08151 bound,1e-05,3.5556e+03,LIN-NL,1.6130e-14,5.7294e+02,6.0759e-15
1.0e+02,2.8712e-05,2012.08151 bound,1e-05,3.5556e+03,SHOT,1.3542e-21,7.2908e+04,9.8151e-22
1.0e+02,2.8712e-05,2012.08151 bound,1.5e-05,3.5556e+03,NL-A,2.7116e-12,5.5127e+03,3.6816e-12
1.0e+02,2.8712e-05,2012.08151 bound,1.5e-05,3.5556e+03,NL-A+F,3.5345e-13,5.5127e+03,7.3032e-13
1.0e+02,2.8712e-05,2012.08151 bound,1.5e-05,3.5556e+03,LIN-NL,1.6127e-14,5.7294e+02,6.0751e-15
1.0e+02,2.8712e-05,2012.08151 bound,1.5e-05,3.5556e+03,SHOT,1.3542e-21,7.2908e+04,9.8150e-22
1.0e+02,2.8712e-05,2012.08151 bound,2e-05,3.5556e+03,NL-A,2.6556e-12,5.5127e+03,3.6072e-12
1.0e+02,2.8712e-05,2012.08151 bound,2e-05,3.5556e+03,NL-A+F,3.4614e-13,5.5127e+03,7.1958e-13
1.0e+02,2.8712e-05,2012.08151 bound,2e-05,3.5556e+03,LIN-NL,1.6124e-14,5.7294e+02,6.0739e-15
1.0e+02,2.8712e-05,2012.08151 bound,2e-05,3.5556e+03,SHOT,1.3542e-21,7.2908e+04,9.8149e-22
1.0e+02,2.8712e-05,2012.08151 bound,3e-05,3.5556e+03,NL-A,2.5017e-12,5.5127e+03,3.4148e-12
1.0e+02,2.8712e-05,2012.08151 bound,3e-05,3.5556e+03,NL-A+F,3.2607e-13,5.5127e+03,6.9185e-13
1.0e+02,2.8712e-05,2012.08151 bound,3e-05,3.5556e+03,LIN-NL,1.6114e-14,5.7294e+02,6.0707e-15
1.0e+02,2.8712e-05,2012.08151 bound,3e-05,3.5556e+03,SHOT,1.3541e-21,7.2908e+04,9.8147e-22
1.0e+02,2.8712e-05,2012.08151 bound,5e-05,3.5556e+03,NL-A,2.1899e-12,4.5196e+03,2.9337e-12
1.0e+02,2.8712e-05,2012.08151 bound,5e-05,3.5556e+03,NL-A+F,3.1859e-13,1.6741e+03,6.2236e-13
1.0e+02,2.8712e-05,2012.08151 bound,5e-05,3.5556e+03,LIN-NL,1.6082e-14,5.7294e+02,6.0603e-15
1.0e+02,2.8712e-05,2012.08151 bound,5e-05,3.5556e+03,SHOT,1.3540e-21,7.2908e+04,9.8143e-22
1.0e+02,2.8712e-05,2012.08151 bound,7e-05,3.5556e+03,NL-A,1.8059e-12,4.5196e+03,2.4344e-12
1.0e+02,2.8712e-05,2012.08151 bound,7e-05,3.5556e+03,NL-A+F,3.1177e-13,1.3726e+03,5.4931e-13
1.0e+02,2.8712e-05,2012.08151 bound,7e-05,3.5556e+03,LIN-NL,1.6034e-14,5.7294e+02,6.0448e-15
1.0e+02,2.8712e-05,2012.08151 bound,7e-05,3.5556e+03,SHOT,1.3539e-21,7.2908e+04,9.8139e-22
1.0e+02,2.8712e-05,2012.08151 bound,0.0001,3.5556e+03,NL-A,1.2697e-12,3.7055e+03,1.7940e-12
1.0e+02,2.8712e-05,2012.08151 bound,0.0001,3.5556e+03,NL-A+F,3.0025e-13,1.3726e+03,4.5221e-13
1.0e+02,2.8712e-05,2012.08151 bound,0.0001,3.5556e+03,LIN-NL,1.5933e-14,5.7294e+02,6.0120e-15
1.0e+02,2.8712e-05,2012.08151 bound,0.0001,3.5556e+03,SHOT,1.3538e-21,7.2908e+04,9.8134e-22
1.0e+02,2.8712e-05,2012.08151 bound,0.00015,3.5556e+03,NL-A,7.3308e-13,2.4907e+03,1.0916e-12
1.0e+02,2.8712e-05,2012.08151 bound,0.00015,3.5556e+03,NL-A+F,2.7379e-13,1.3726e+03,3.3439e-13
1.0e+02,2.8712e-05,2012.08151 bound,0.00015,3.5556e+03,LIN-NL,1.5687e-14,5.7294e+02,5.9323e-15
1.0e+02,2.8712e-05,2012.08151 bound,0.00015,3.5556e+03,SHOT,1.3536e-21,7.2908e+04,9.8124e-22
1.0e+02,2.8712e-05,2012.08151 bound,0.0002,3.5556e+03,NL-A,5.3915e-13,1.6741e+03,7.0419e-13
1.0e+02,2.8712e-05,2012.08151 bound,0.0002,3.5556e+03,NL-A+F,2.4061e-13,1.3726e+03,2.5581e-13
1.0e+02,2.8712e-05,2012.08151 bound,0.0002,3.5556e+03,LIN-NL,1.5350e-14,5.7294e+02,5.8227e-15
1.0e+02,2.8712e-05,2012.08151 bound,0.0002,3.5556e+03,SHOT,1.3534e-21,7.2908e+04,9.8115e-22
1.0e+02,2.8712e-05,2012.08151 bound,0.0003,3.5556e+03,NL-A,3.3589e-13,1.3726e+03,3.4097e-13
1.0e+02,2.8712e-05,2012.08151 bound,0.0003,3.5556e+03,NL-A+F,1.6640e-13,1.3726e+03,1.5707e-13
1.0e+02,2.8712e-05,2012.08151 bound,0.0003,3.5556e+03,LIN-NL,1.4425e-14,5.7294e+02,5.5214e-15
1.0e+02,2.8712e-05,2012.08151 bound,0.0003,3.5556e+03,SHOT,1.3530e-21,7.2908e+04,9.8096e-22
1.0e+02,2.8712e-05,2012.08151 bound,0.0005,3.5556e+03,NL-A,1.2808e-13,1.1253e+03,1.0426e-13
1.0e+02,2.8712e-05,2012.08151 bound,0.0005,3.5556e+03,NL-A+F,7.3210e-14,1.1253e+03,6.1090e-14
1.0e+02,2.8712e-05,2012.08151 bound,0.0005,3.5556e+03,LIN-NL,1.1825e-14,5.7294e+02,4.6657e-15
1.0e+02,2.8712e-05,2012.08151 bound,0.0005,3.5556e+03,SHOT,1.3521e-21,7.2908e+04,9.8059e-22
1.0e+02,2.8712e-05,2012.08151 bound,0.0007,3.5556e+03,NL-A,4.8845e-14,9.2259e+02,3.6278e-14
1.0e+02,2.8712e-05,2012.08151 bound,0.0007,3.5556e+03,NL-A+F,3.0945e-14,9.2259e+02,2.4170e-14
1.0e+02,2.8712e-05,2012.08151 bound,0.0007,3.5556e+03,LIN-NL,8.9035e-15,5.5359e+02,3.6414e-15
1.0e+02,2.8712e-05,2012.08151 bound,0.0007,3.5556e+03,SHOT,1.3513e-21,7.2908e+04,9.8021e-22
1.0e+02,2.8712e-05,2012.08151 bound,0.001,3.5556e+03,NL-A,1.2296e-14,7.5639e+02,8.6322e-15
1.0e+02,2.8712e-05,2012.08151 bound,0.001,3.5556e+03,NL-A+F,8.7875e-15,7.5639e+02,6.5826e-15
1.0e+02,2.8712e-05,2012.08151 bound,0.001,3.5556e+03,LIN-NL,4.9602e-15,5.3490e+02,2.1923e-15
1.0e+02,2.8712e-05,2012.08151 bound,0.001,3.5556e+03,SHOT,1.3500e-21,7.2908e+04,9.7965e-22
1.0e+02,2.8712e-05,2012.08151 bound,0.0015,3.5556e+03,NL-A,1.5012e-15,5.0842e+02,1.1206e-15
1.0e+02,2.8712e-05,2012.08151 bound,0.0015,3.5556e+03,NL-A+F,1.4255e-15,5.0842e+02,1.0009e-15
1.0e+02,2.8712e-05,2012.08151 bound,0.0015,3.5556e+03,LIN-NL,1.3637e-15,4.9939e+02,7.0875e-16
1.0e+02,2.8712e-05,2012.08151 bound,0.0015,3.5556e+03,SHOT,1.3480e-21,7.2908e+04,9.7871e-22
1.0e+02,2.8712e-05,2012.08151 bound,0.002,3.5556e+03,NL-A,3.0234e-16,4.1683e+02,2.1194e-16
1.0e+02,2.8712e-05,2012.08151 bound,0.002,3.5556e+03,NL-A+F,3.0104e-16,4.1683e+02,2.0483e-16
1.0e+02,2.8712e-05,2012.08151 bound,0.002,3.5556e+03,LIN-NL,3.0651e-16,4.3528e+02,1.9091e-16
1.0e+02,2.8712e-05,2012.08151 bound,0.002,3.5556e+03,SHOT,1.3459e-21,7.2908e+04,9.7778e-22
1.0e+02,2.8712e-05,2012.08151 bound,0.003,3.5556e+03,NL-A,2.3250e-17,2.8018e+02,1.6162e-17
1.0e+02,2.8712e-05,2012.08151 bound,0.003,3.5556e+03,NL-A+F,2.3250e-17,2.8018e+02,1.6141e-17
1.0e+02,2.8712e-05,2012.08151 bound,0.003,3.5556e+03,LIN-NL,2.4533e-17,3.0874e+02,1.6141e-17
1.0e+02,2.8712e-05,2012.08151 bound,0.003,3.5556e+03,SHOT,1.3418e-21,7.2908e+04,9.7593e-22
1.0e+02,2.8712e-05,2012.08151 bound,0.005,3.5556e+03,NL-A,6.9387e-19,1.8833e+02,4.3598e-19
1.0e+02,2.8712e-05,2012.08151 bound,0.005,3.5556e+03,NL-A+F,6.9387e-19,1.8833e+02,4.3598e-19
1.0e+02,2.8712e-05,2012.08151 bound,0.005,3.5556e+03,LIN-NL,7.0088e-19,1.9754e+02,4.3598e-19
1.0e+02,2.8712e-05,2012.08151 bound,0.005,3.5556e+03,SHOT,1.3336e-21,7.2908e+04,9.7227e-22
1.0e+02,2.8712e-05,2012.08151 bound,0.007,3.5556e+03,NL-A,5.1038e-20,1.5440e+02,3.1799e-20
1.0e+02,2.8712e-05,2012.08151 bound,0.007,3.5556e+03,NL-A+F,5.1038e-20,1.5440e+02,3.1799e-20
1.0e+02,2.8712e-05,2012.08151 bound,0.007,3.5556e+03,LIN-NL,5.2868e-20,1.4501e+02,3.1799e-20
1.0e+02,2.8712e-05,2012.08151 bound,0.007,3.5556e+03,SHOT,1.3255e-21,7.2908e+04,9.6866e-22
1.0e+02,2.8712e-05,2012.08151 bound,0.01,3.5556e+03,NL-A,2.7479e-21,1.0378e+02,1.6108e-21
1.0e+02,2.8712e-05,2012.08151 bound,0.01,3.5556e+03,NL-A+F,2.7479e-21,1.0378e+02,1.6108e-21
1.0e+02,2.8712e-05,2012.08151 bound,0.01,3.5556e+03,LIN-NL,2.7541e-21,1.0645e+02,1.6108e-21
1.0e+02,2.8712e-05,2012.08151 bound,0.01,3.5556e+03,SHOT,1.3137e-21,7.2908e+04,9.6334e-22
1.0e+02,2.8712e-05,2012.08151 bound,0.015,3.5556e+03,NL-A,7.2749e-23,6.9759e+01,4.2506e-23
1.0e+02,2.8712e-05,2012.08151 bound,0.015,3.5556e+03,NL-A+F,7.2749e-23,6.9759e+01,4.2506e-23
1.0e+02,2.8712e-05,2012.08151 bound,0.015,3.5556e+03,LIN-NL,7.4455e-23,7.2955e+01,4.2507e-23
1.0e+02,2.8712e-05,2012.08151 bound,0.015,3.5556e+03,SHOT,1.2945e-21,7.2908e+04,9.5473e-22
1.0e+02,2.8712e-05,2012.08151 bound,0.02,3.5556e+03,NL-A,4.9598e-24,5.7192e+01,2.8073e-24
1.0e+02,2.8712e-05,2012.08151 bound,0.02,3.5556e+03,NL-A+F,4.9598e-24,5.7192e+01,2.8073e-24
1.0e+02,2.8712e-05,2012.08151 bound,0.02,3.5556e+03,LIN-NL,4.9555e-24,5.7363e+01,2.8073e-24
1.0e+02,2.8712e-05,2012.08151 bound,0.02,3.5556e+03,SHOT,1.2761e-21,7.2908e+04,9.4643e-22
1.0e+02,2.8712e-05,2012.08151 bound,0.03,3.5556e+03,NL-A,9.2771e-26,3.8443e+01,5.2520e-26
1.0e+02,2.8712e-05,2012.08151 bound,0.03,3.5556e+03,NL-A+F,9.2771e-26,3.8443e+01,5.2520e-26
1.0e+02,2.8712e-05,2012.08151 bound,0.03,3.5556e+03,LIN-NL,9.3043e-26,3.9314e+01,5.2521e-26
1.0e+02,2.8712e-05,2012.08151 bound,0.03,3.5556e+03,SHOT,1.2411e-21,7.2908e+04,9.3069e-22
1.0e+02,2.8712e-05,2012.08151 bound,0.05,3.5556e+03,NL-A,5.3426e-28,2.5840e+01,3.1405e-28
1.0e+02,2.8712e-05,2012.08151 bound,0.05,3.5556e+03,NL-A+F,5.3426e-28,2.5840e+01,3.1405e-28
1.0e+02,2.8712e-05,2012.08151 bound,0.05,3.5556e+03,LIN-NL,5.3819e-28,2.5154e+01,3.1405e-28
1.0e+02,2.8712e-05,2012.08151 bound,0.05,3.5556e+03,SHOT,1.1870e-21,5.9774e+04,9.0243e-22
1.0e+02,2.8712e-05,2012.08151 bound,0.07,3.5556e+03,NL-A,1.7881e-29,2.1185e+01,1.1775e-29
1.0e+02,2.8712e-05,2012.08151 bound,0.07,3.5556e+03,NL-A+F,1.7881e-29,2.1185e+01,1.1775e-29
1.0e+02,2.8712e-05,2012.08151 bound,0.07,3.5556e+03,LIN-NL,1.9008e-29,1.9778e+01,1.1775e-29
1.0e+02,2.8712e-05,2012.08151 bound,0.07,3.5556e+03,SHOT,1.1526e-21,5.9774e+04,8.7799e-22
1.0e+02,2.8712e-05,2012.08151 bound,0.1,3.5556e+03,NL-A,6.8889e-31,1.7369e+01,4.9813e-31
1.0e+02,2.8712e-05,2012.08151 bound,0.1,3.5556e+03,NL-A+F,6.8889e-31,1.7369e+01,4.9813e-31
1.0e+02,2.8712e-05,2012.08151 bound,0.1,3.5556e+03,LIN-NL,7.2506e-31,1.6095e+01,4.9813e-31
1.0e+02,2.8712e-05,2012.08151 bound,0.1,3.5556e+03,SHOT,1.1086e-21,5.9774e+04,8.4757e-22
1.0e+02,2.8712e-05,2012.08151 bound,0.15,3.5556e+03,NL-A,4.2020e-32,1.4240e+01,3.5396e-32
1.0e+02,2.8712e-05,2012.08151 bound,0.15,3.5556e+03,NL-A+F,4.2020e-32,1.4240e+01,3.5396e-32
1.0e+02,2.8712e-05,2012.08151 bound,0.15,3.5556e+03,LIN-NL,4.3024e-32,1.5551e+01,3.5396e-32
1.0e+02,2.8712e-05,2012.08151 bound,0.15,3.5556e+03,SHOT,6.9598e-22,5.9774e+04,5.7044e-22
1.0e+02,2.8712e-05,2012.08151 bound,0.2,3.5556e+03,NL-A,1.8288e-32,1.7369e+01,1.7810e-32
1.0e+02,2.8712e-05,2012.08151 bound,0.2,3.5556e+03,NL-A+F,1.8288e-32,1.7369e+01,1.7810e-32
1.0e+02,2.8712e-05,2012.08151 bound,0.2,3.5556e+03,LIN-NL,1.8561e-32,1.8465e+01,1.7810e-32
1.0e+02,2.8712e-05,2012.08151 bound,0.2,3.5556e+03,SHOT,7.2077e-22,5.9774e+04,5.9076e-22
1.0e+02,2.8712e-05,2012.08151 bound,0.3,3.5556e+03,NL-A,1.1509e-31,3.8443e+01,1.3233e-31
1.0e+02,2.8712e-05,2012.08151 bound,0.3,3.5556e+03,NL-A+F,1.1509e-31,3.8443e+01,1.3233e-31
1.0e+02,2.8712e-05,2012.08151 bound,0.3,3.5556e+03,LIN-NL,1.1515e-31,3.9314e+01,1.3232e-31
1.0e+02,2.8712e-05,2012.08151 bound,0.3,3.5556e+03,SHOT,7.9657e-22,5.9774e+04,6.5288e-22
1.0e+02,2.8712e-05,2012.08151 bound,0.5,3.5556e+03,NL-A,1.6913e-33,9.5715e+00,7.7688e-34
1.0e+02,2.8712e-05,2012.08151 bound,0.5,3.5556e+03,NL-A+F,1.6913e-33,9.5715e+00,7.7688e-34
1.0e+02,2.8712e-05,2012.08151 bound,0.5,3.5556e+03,LIN-NL,2.2963e-33,1.0658e+01,7.3026e-34
1.0e+02,2.8712e-05,2012.08151 bound,0.5,3.5556e+03,SHOT,1.0969e-21,5.9774e+04,8.9906e-22
1.0e+02,2.8712e-05,2012.08151 bound,0.7,3.5556e+03,NL-A,6.2137e-41,1.6018e+00,1.7176e-41
1.0e+02,2.8712e-05,2012.08151 bound,0.7,3.5556e+03,NL-A+F,6.2137e-41,1.6018e+00,1.7176e-41
1.0e+02,2.8712e-05,2012.08151 bound,0.7,3.5556e+03,LIN-NL,6.4369e-41,1.6114e+00,1.5539e-41
1.0e+02,2.8712e-05,2012.08151 bound,0.7,3.5556e+03,SHOT,1.7723e-21,5.9774e+04,1.4526e-21
1.0e+02,2.8712e-05,2012.08151 bound,1.0,3.5556e+03,NL-A,2.4412e-53,7.5639e+02,3.1866e-53
1.0e+02,2.8712e-05,2012.08151 bound,1.0,3.5556e+03,NL-A+F,1.7620e-53,7.5639e+02,2.2512e-53
1.0e+02,2.8712e-05,2012.08151 bound,1.0,3.5556e+03,LIN-NL,1.3084e-53,4.8253e+02,8.8026e-54
1.0e+02,2.8712e-05,2012.08151 bound,1.0,3.5556e+03,SHOT,4.9037e-21,5.9774e+04,4.0192e-21
1.0e+02,2.8712e-05,2012.08151 bound,choptuik,3.5556e+03,NL-A,3.4537e-24,7.5639e+02,4.5416e-24
1.0e+02,2.8712e-05,2012.08151 bound,choptuik,3.5556e+03,NL-A+F,2.4929e-24,7.5639e+02,3.2139e-24
1.0e+02,2.8712e-05,2012.08151 bound,choptuik,3.5556e+03,LIN-NL,1.8809e-24,4.8253e+02,1.2700e-24
1.0e+02,2.8712e-05,2012.08151 bound,choptuik,3.5556e+03,SHOT,7.6940e-22,5.9774e+04,6.3061e-22
1.0e+02,1.0000e-02,saturated (beta=1e-2),mono,1.1621e+03,NL-A,1.0248e-10,7.5650e+02,1.3335e-10
1.0e+02,1.0000e-02,saturated (beta=1e-2),mono,1.1621e+03,NL-A+F,6.2847e-11,7.5650e+02,4.8698e-11
1.0e+02,1.0000e-02,saturated (beta=1e-2),mono,1.1621e+03,LIN-NL,6.3656e-14,2.5127e+02,1.4110e-14
1.0e+02,1.0000e-02,saturated (beta=1e-2),mono,1.1621e+03,SHOT,1.3541e-21,7.2918e+04,9.8142e-22
1.0e+02,1.0000e-02,saturated (beta=1e-2),1e-07,1.1621e+03,NL-A,1.0248e-10,7.5650e+02,1.3335e-10
1.0e+02,1.0000e-02,saturated (beta=1e-2),1e-07,1.1621e+03,NL-A+F,6.2847e-11,7.5650e+02,4.8698e-11
1.0e+02,1.0000e-02,saturated (beta=1e-2),1e-07,1.1621e+03,LIN-NL,6.3656e-14,2.5127e+02,1.4110e-14
1.0e+02,1.0000e-02,saturated (beta=1e-2),1e-07,1.1621e+03,SHOT,1.3541e-21,7.2918e+04,9.8142e-22
1.0e+02,1.0000e-02,saturated (beta=1e-2),1e-06,1.1621e+03,NL-A,1.0248e-10,7.5650e+02,1.3335e-10
1.0e+02,1.0000e-02,saturated (beta=1e-2),1e-06,1.1621e+03,NL-A+F,6.2847e-11,7.5650e+02,4.8698e-11
1.0e+02,1.0000e-02,saturated (beta=1e-2),1e-06,1.1621e+03,LIN-NL,6.3656e-14,2.5127e+02,1.4110e-14
1.0e+02,1.0000e-02,saturated (beta=1e-2),1e-06,1.1621e+03,SHOT,1.3541e-21,7.2918e+04,9.8142e-22
1.0e+02,1.0000e-02,saturated (beta=1e-2),1.5e-06,1.1621e+03,NL-A,1.0248e-10,7.5650e+02,1.3335e-10
1.0e+02,1.0000e-02,saturated (beta=1e-2),1.5e-06,1.1621e+03,NL-A+F,6.2847e-11,7.5650e+02,4.8698e-11
1.0e+02,1.0000e-02,saturated (beta=1e-2),1.5e-06,1.1621e+03,LIN-NL,6.3656e-14,2.5127e+02,1.4110e-14
1.0e+02,1.0000e-02,saturated (beta=1e-2),1.5e-06,1.1621e+03,SHOT,1.3541e-21,7.2918e+04,9.8142e-22
1.0e+02,1.0000e-02,saturated (beta=1e-2),2e-06,1.1621e+03,NL-A,1.0248e-10,7.5650e+02,1.3334e-10
1.0e+02,1.0000e-02,saturated (beta=1e-2),2e-06,1.1621e+03,NL-A+F,6.2846e-11,7.5650e+02,4.8698e-11
1.0e+02,1.0000e-02,saturated (beta=1e-2),2e-06,1.1621e+03,LIN-NL,6.3656e-14,2.5127e+02,1.4110e-14
1.0e+02,1.0000e-02,saturated (beta=1e-2),2e-06,1.1621e+03,SHOT,1.3541e-21,7.2918e+04,9.8142e-22
1.0e+02,1.0000e-02,saturated (beta=1e-2),3e-06,1.1621e+03,NL-A,1.0248e-10,7.5650e+02,1.3334e-10
1.0e+02,1.0000e-02,saturated (beta=1e-2),3e-06,1.1621e+03,NL-A+F,6.2846e-11,7.5650e+02,4.8697e-11
1.0e+02,1.0000e-02,saturated (beta=1e-2),3e-06,1.1621e+03,LIN-NL,6.3656e-14,2.5127e+02,1.4110e-14
1.0e+02,1.0000e-02,saturated (beta=1e-2),3e-06,1.1621e+03,SHOT,1.3541e-21,7.2918e+04,9.8141e-22
1.0e+02,1.0000e-02,saturated (beta=1e-2),5e-06,1.1621e+03,NL-A,1.0248e-10,7.5650e+02,1.3332e-10
1.0e+02,1.0000e-02,saturated (beta=1e-2),5e-06,1.1621e+03,NL-A+F,6.2843e-11,7.5650e+02,4.8693e-11
1.0e+02,1.0000e-02,saturated (beta=1e-2),5e-06,1.1621e+03,LIN-NL,6.3656e-14,2.5127e+02,1.4110e-14
1.0e+02,1.0000e-02,saturated (beta=1e-2),5e-06,1.1621e+03,SHOT,1.3540e-21,7.2918e+04,9.8141e-22
1.0e+02,1.0000e-02,saturated (beta=1e-2),7e-06,1.1621e+03,NL-A,1.0247e-10,7.5650e+02,1.3329e-10
1.0e+02,1.0000e-02,saturated (beta=1e-2),7e-06,1.1621e+03,NL-A+F,6.2840e-11,7.5650e+02,4.8689e-11
1.0e+02,1.0000e-02,saturated (beta=1e-2),7e-06,1.1621e+03,LIN-NL,6.3655e-14,2.5127e+02,1.4110e-14
1.0e+02,1.0000e-02,saturated (beta=1e-2),7e-06,1.1621e+03,SHOT,1.3540e-21,7.2918e+04,9.8141e-22
1.0e+02,1.0000e-02,saturated (beta=1e-2),1e-05,1.1621e+03,NL-A,1.0246e-10,7.5650e+02,1.3322e-10
1.0e+02,1.0000e-02,saturated (beta=1e-2),1e-05,1.1621e+03,NL-A+F,6.2833e-11,7.5650e+02,4.8679e-11
1.0e+02,1.0000e-02,saturated (beta=1e-2),1e-05,1.1621e+03,LIN-NL,6.3655e-14,2.5127e+02,1.4110e-14
1.0e+02,1.0000e-02,saturated (beta=1e-2),1e-05,1.1621e+03,SHOT,1.3540e-21,7.2918e+04,9.8140e-22
1.0e+02,1.0000e-02,saturated (beta=1e-2),1.5e-05,1.1621e+03,NL-A,1.0243e-10,7.5650e+02,1.3307e-10
1.0e+02,1.0000e-02,saturated (beta=1e-2),1.5e-05,1.1621e+03,NL-A+F,6.2816e-11,7.5650e+02,4.8654e-11
1.0e+02,1.0000e-02,saturated (beta=1e-2),1.5e-05,1.1621e+03,LIN-NL,6.3653e-14,2.5127e+02,1.4110e-14
1.0e+02,1.0000e-02,saturated (beta=1e-2),1.5e-05,1.1621e+03,SHOT,1.3540e-21,7.2918e+04,9.8139e-22
1.0e+02,1.0000e-02,saturated (beta=1e-2),2e-05,1.1621e+03,NL-A,1.0239e-10,7.5650e+02,1.3285e-10
1.0e+02,1.0000e-02,saturated (beta=1e-2),2e-05,1.1621e+03,NL-A+F,6.2791e-11,7.5650e+02,4.8619e-11
1.0e+02,1.0000e-02,saturated (beta=1e-2),2e-05,1.1621e+03,LIN-NL,6.3650e-14,2.5127e+02,1.4109e-14
1.0e+02,1.0000e-02,saturated (beta=1e-2),2e-05,1.1621e+03,SHOT,1.3540e-21,7.2918e+04,9.8138e-22
1.0e+02,1.0000e-02,saturated (beta=1e-2),3e-05,1.1621e+03,NL-A,1.0228e-10,7.5650e+02,1.3224e-10
1.0e+02,1.0000e-02,saturated (beta=1e-2),3e-05,1.1621e+03,NL-A+F,6.2722e-11,7.5650e+02,4.8521e-11
1.0e+02,1.0000e-02,saturated (beta=1e-2),3e-05,1.1621e+03,LIN-NL,6.3643e-14,2.5127e+02,1.4108e-14
1.0e+02,1.0000e-02,saturated (beta=1e-2),3e-05,1.1621e+03,SHOT,1.3539e-21,7.2918e+04,9.8136e-22
1.0e+02,1.0000e-02,saturated (beta=1e-2),5e-05,1.1621e+03,NL-A,1.0191e-10,7.5650e+02,1.3035e-10
1.0e+02,1.0000e-02,saturated (beta=1e-2),5e-05,1.1621e+03,NL-A+F,6.2500e-11,7.5650e+02,4.8213e-11
1.0e+02,1.0000e-02,saturated (beta=1e-2),5e-05,1.1621e+03,LIN-NL,6.3619e-14,2.5127e+02,1.4103e-14
1.0e+02,1.0000e-02,saturated (beta=1e-2),5e-05,1.1621e+03,SHOT,1.3539e-21,7.2918e+04,9.8133e-22
1.0e+02,1.0000e-02,saturated (beta=1e-2),7e-05,1.1621e+03,NL-A,1.0137e-10,7.5650e+02,1.2767e-10
1.0e+02,1.0000e-02,saturated (beta=1e-2),7e-05,1.1621e+03,NL-A+F,6.2170e-11,7.5650e+02,4.7767e-11
1.0e+02,1.0000e-02,saturated (beta=1e-2),7e-05,1.1621e+03,LIN-NL,6.3582e-14,2.5127e+02,1.4096e-14
1.0e+02,1.0000e-02,saturated (beta=1e-2),7e-05,1.1621e+03,SHOT,1.3538e-21,7.2918e+04,9.8129e-22
1.0e+02,1.0000e-02,saturated (beta=1e-2),0.0001,1.1621e+03,NL-A,1.0023e-10,7.5650e+02,1.2247e-10
1.0e+02,1.0000e-02,saturated (beta=1e-2),0.0001,1.1621e+03,NL-A+F,6.1473e-11,7.5650e+02,4.6874e-11
1.0e+02,1.0000e-02,saturated (beta=1e-2),0.0001,1.1621e+03,LIN-NL,6.3506e-14,2.5127e+02,1.4081e-14
1.0e+02,1.0000e-02,saturated (beta=1e-2),0.0001,1.1621e+03,SHOT,1.3536e-21,7.2918e+04,9.8123e-22
1.0e+02,1.0000e-02,saturated (beta=1e-2),0.00015,1.1621e+03,NL-A,9.7485e-11,7.5650e+02,1.1186e-10
1.0e+02,1.0000e-02,saturated (beta=1e-2),0.00015,1.1621e+03,NL-A+F,5.9797e-11,7.5650e+02,4.4915e-11
1.0e+02,1.0000e-02,saturated (beta=1e-2),0.00015,1.1621e+03,LIN-NL,6.3318e-14,2.5127e+02,1.4044e-14
1.0e+02,1.0000e-02,saturated (beta=1e-2),0.00015,1.1621e+03,SHOT,1.3534e-21,7.2918e+04,9.8114e-22
1.0e+02,1.0000e-02,saturated (beta=1e-2),0.0002,1.1621e+03,NL-A,9.3767e-11,7.5650e+02,1.0035e-10
1.0e+02,1.0000e-02,saturated (beta=1e-2),0.0002,1.1621e+03,NL-A+F,5.7528e-11,7.5650e+02,4.2552e-11
1.0e+02,1.0000e-02,saturated (beta=1e-2),0.0002,1.1621e+03,LIN-NL,6.3056e-14,2.5127e+02,1.3992e-14
1.0e+02,1.0000e-02,saturated (beta=1e-2),0.0002,1.1621e+03,SHOT,1.3532e-21,7.2918e+04,9.8104e-22
1.0e+02,1.0000e-02,saturated (beta=1e-2),0.0003,1.1621e+03,NL-A,8.3909e-11,7.5650e+02,7.8718e-11
1.0e+02,1.0000e-02,saturated (beta=1e-2),0.0003,1.1621e+03,NL-A+F,5.3189e-11,6.2022e+02,3.7224e-11
1.0e+02,1.0000e-02,saturated (beta=1e-2),0.0003,1.1621e+03,LIN-NL,6.2314e-14,2.5127e+02,1.3845e-14
1.0e+02,1.0000e-02,saturated (beta=1e-2),0.0003,1.1621e+03,SHOT,1.3528e-21,7.2918e+04,9.8085e-22
1.0e+02,1.0000e-02,saturated (beta=1e-2),0.0005,1.1621e+03,NL-A,5.9340e-11,6.2022e+02,4.7201e-11
1.0e+02,1.0000e-02,saturated (beta=1e-2),0.0005,1.1621e+03,NL-A+F,4.1928e-11,6.2022e+02,2.6350e-11
1.0e+02,1.0000e-02,saturated (beta=1e-2),0.0005,1.1621e+03,LIN-NL,5.9996e-14,2.5127e+02,1.3386e-14
1.0e+02,1.0000e-02,saturated (beta=1e-2),0.0005,1.1621e+03,SHOT,1.3520e-21,7.2918e+04,9.8048e-22
1.0e+02,1.0000e-02,saturated (beta=1e-2),0.0007,1.1621e+03,NL-A,4.1501e-11,6.2022e+02,2.7791e-11
1.0e+02,1.0000e-02,saturated (beta=1e-2),0.0007,1.1621e+03,NL-A+F,2.9349e-11,6.2022e+02,1.7120e-11
1.0e+02,1.0000e-02,saturated (beta=1e-2),0.0007,1.1621e+03,LIN-NL,5.6681e-14,2.5127e+02,1.2727e-14
1.0e+02,1.0000e-02,saturated (beta=1e-2),0.0007,1.1621e+03,SHOT,1.3511e-21,7.2918e+04,9.8010e-22
1.0e+02,1.0000e-02,saturated (beta=1e-2),0.001,1.1621e+03,NL-A,1.9426e-11,6.2022e+02,1.1906e-11
1.0e+02,1.0000e-02,saturated (beta=1e-2),0.001,1.1621e+03,NL-A+F,1.3763e-11,6.2022e+02,7.9021e-12
1.0e+02,1.0000e-02,saturated (beta=1e-2),0.001,1.1621e+03,LIN-NL,5.0232e-14,2.5127e+02,1.1435e-14
1.0e+02,1.0000e-02,saturated (beta=1e-2),0.001,1.1621e+03,SHOT,1.3499e-21,7.2918e+04,9.7954e-22
1.0e+02,1.0000e-02,saturated (beta=1e-2),0.0015,1.1621e+03,NL-A,4.5372e-12,5.0849e+02,2.6051e-12
1.0e+02,1.0000e-02,saturated (beta=1e-2),0.0015,1.1621e+03,NL-A+F,3.2015e-12,5.0849e+02,1.7853e-12
1.0e+02,1.0000e-02,saturated (beta=1e-2),0.0015,1.1621e+03,LIN-NL,3.7359e-14,2.5127e+02,8.8120e-15
1.0e+02,1.0000e-02,saturated (beta=1e-2),0.0015,1.1621e+03,SHOT,1.3478e-21,7.2918e+04,9.7861e-22
1.0e+02,1.0000e-02,saturated (beta=1e-2),0.002,1.1621e+03,NL-A,9.8062e-13,4.1689e+02,5.5587e-13
1.0e+02,1.0000e-02,saturated (beta=1e-2),0.002,1.1621e+03,NL-A+F,6.4859e-13,4.1689e+02,3.7750e-13
1.0e+02,1.0000e-02,saturated (beta=1e-2),0.002,1.1621e+03,LIN-NL,2.4682e-14,2.5127e+02,6.1439e-15
1.0e+02,1.0000e-02,saturated (beta=1e-2),0.002,1.1621e+03,SHOT,1.3457e-21,7.2918e+04,9.7768e-22
1.0e+02,1.0000e-02,saturated (beta=1e-2),0.003,1.1621e+03,NL-A,6.0710e-14,3.4179e+02,3.0371e-14
1.0e+02,1.0000e-02,saturated (beta=1e-2),0.003,1.1621e+03,NL-A+F,3.8158e-14,3.4179e+02,2.0724e-14
1.0e+02,1.0000e-02,saturated (beta=1e-2),0.003,1.1621e+03,LIN-NL,8.1000e-15,2.4279e+02,2.2559e-15
1.0e+02,1.0000e-02,saturated (beta=1e-2),0.003,1.1621e+03,SHOT,1.3416e-21,7.2918e+04,9.7582e-22
1.0e+02,1.0000e-02,saturated (beta=1e-2),0.005,1.1621e+03,NL-A,4.2577e-16,2.2974e+02,2.2076e-16
1.0e+02,1.0000e-02,saturated (beta=1e-2),0.005,1.1621e+03,NL-A+F,3.8211e-16,2.2974e+02,1.8921e-16
1.0e+02,1.0000e-02,saturated (beta=1e-2),0.005,1.1621e+03,LIN-NL,3.2829e-16,2.1902e+02,1.2682e-16
1.0e+02,1.0000e-02,saturated (beta=1e-2),0.005,1.1621e+03,SHOT,1.3334e-21,7.2918e+04,9.7216e-22
1.0e+02,1.0000e-02,saturated (beta=1e-2),0.007,1.1621e+03,NL-A,8.7868e-18,1.8835e+02,4.9893e-18
1.0e+02,1.0000e-02,saturated (beta=1e-2),0.007,1.1621e+03,NL-A+F,8.7416e-18,1.8835e+02,4.9060e-18
1.0e+02,1.0000e-02,saturated (beta=1e-2),0.007,1.1621e+03,LIN-NL,9.3799e-18,1.7221e+02,4.7825e-18
1.0e+02,1.0000e-02,saturated (beta=1e-2),0.007,1.1621e+03,SHOT,1.3254e-21,7.2918e+04,9.6855e-22
1.0e+02,1.0000e-02,saturated (beta=1e-2),0.01,1.1621e+03,NL-A,1.5341e-19,1.2660e+02,8.2476e-20
1.0e+02,1.0000e-02,saturated (beta=1e-2),0.01,1.1621e+03,NL-A+F,1.5341e-19,1.2660e+02,8.2469e-20
1.0e+02,1.0000e-02,saturated (beta=1e-2),0.01,1.1621e+03,LIN-NL,1.5507e-19,1.2215e+02,8.2469e-20
1.0e+02,1.0000e-02,saturated (beta=1e-2),0.01,1.1621e+03,SHOT,1.3135e-21,7.2918e+04,9.6324e-22
1.0e+02,1.0000e-02,saturated (beta=1e-2),0.015,1.1621e+03,NL-A,1.4281e-21,8.5099e+01,7.7214e-22
1.0e+02,1.0000e-02,saturated (beta=1e-2),0.015,1.1621e+03,NL-A+F,1.4281e-21,8.5099e+01,7.7214e-22
1.0e+02,1.0000e-02,saturated (beta=1e-2),0.015,1.1621e+03,LIN-NL,1.4421e-21,8.3712e+01,7.7214e-22
1.0e+02,1.0000e-02,saturated (beta=1e-2),0.015,1.1621e+03,SHOT,1.2944e-21,7.2918e+04,9.5463e-22
1.0e+02,1.0000e-02,saturated (beta=1e-2),0.02,1.1621e+03,NL-A,4.8992e-23,5.7200e+01,2.8265e-23
1.0e+02,1.0000e-02,saturated (beta=1e-2),0.02,1.1621e+03,NL-A+F,4.8992e-23,5.7200e+01,2.8265e-23
1.0e+02,1.0000e-02,saturated (beta=1e-2),0.02,1.1621e+03,LIN-NL,5.2590e-23,6.1451e+01,2.8265e-23
1.0e+02,1.0000e-02,saturated (beta=1e-2),0.02,1.1621e+03,SHOT,1.2759e-21,7.2918e+04,9.4632e-22
1.0e+02,1.0000e-02,saturated (beta=1e-2),0.03,1.1621e+03,NL-A,4.6599e-25,3.8448e+01,2.7663e-25
1.0e+02,1.0000e-02,saturated (beta=1e-2),0.03,1.1621e+03,NL-A+F,4.6599e-25,3.8448e+01,2.7663e-25
1.0e+02,1.0000e-02,saturated (beta=1e-2),0.03,1.1621e+03,LIN-NL,5.0662e-25,4.2115e+01,2.7663e-25
1.0e+02,1.0000e-02,saturated (beta=1e-2),0.03,1.1621e+03,SHOT,1.2409e-21,7.2918e+04,9.3058e-22
1.0e+02,1.0000e-02,saturated (beta=1e-2),0.05,1.1621e+03,NL-A,1.6413e-27,2.5843e+01,9.4972e-28
1.0e+02,1.0000e-02,saturated (beta=1e-2),0.05,1.1621e+03,NL-A+F,1.6413e-27,2.5843e+01,9.4972e-28
1.0e+02,1.0000e-02,saturated (beta=1e-2),0.05,1.1621e+03,LIN-NL,1.6487e-27,2.6947e+01,9.4972e-28
1.0e+02,1.0000e-02,saturated (beta=1e-2),0.05,1.1621e+03,SHOT,1.1869e-21,5.9783e+04,9.0232e-22
1.0e+02,1.0000e-02,saturated (beta=1e-2),0.07,1.1621e+03,NL-A,4.5419e-29,2.1188e+01,2.8237e-29
1.0e+02,1.0000e-02,saturated (beta=1e-2),0.07,1.1621e+03,NL-A+F,4.5419e-29,2.1188e+01,2.8237e-29
1.0e+02,1.0000e-02,saturated (beta=1e-2),0.07,1.1621e+03,LIN-NL,4.5944e-29,2.0472e+01,2.8237e-29
1.0e+02,1.0000e-02,saturated (beta=1e-2),0.07,1.1621e+03,SHOT,1.1525e-21,5.9783e+04,8.7788e-22
1.0e+02,1.0000e-02,saturated (beta=1e-2),0.1,1.1621e+03,NL-A,1.4916e-30,1.7371e+01,1.0372e-30
1.0e+02,1.0000e-02,saturated (beta=1e-2),0.1,1.1621e+03,NL-A+F,1.4916e-30,1.7371e+01,1.0372e-30
1.0e+02,1.0000e-02,saturated (beta=1e-2),0.1,1.1621e+03,LIN-NL,1.5037e-30,1.6660e+01,1.0373e-30
1.0e+02,1.0000e-02,saturated (beta=1e-2),0.1,1.1621e+03,SHOT,1.1085e-21,5.9783e+04,8.4746e-22
1.0e+02,1.0000e-02,saturated (beta=1e-2),0.15,1.1621e+03,NL-A,8.6453e-32,1.7371e+01,7.3352e-32
1.0e+02,1.0000e-02,saturated (beta=1e-2),0.15,1.1621e+03,NL-A+F,8.6453e-32,1.7371e+01,7.3352e-32
1.0e+02,1.0000e-02,saturated (beta=1e-2),0.15,1.1621e+03,LIN-NL,8.7496e-32,1.6660e+01,7.3352e-32
1.0e+02,1.0000e-02,saturated (beta=1e-2),0.15,1.1621e+03,SHOT,6.9585e-22,5.9783e+04,5.7034e-22
1.0e+02,1.0000e-02,saturated (beta=1e-2),0.2,1.1621e+03,NL-A,4.4329e-32,2.1188e+01,4.4312e-32
1.0e+02,1.0000e-02,saturated (beta=1e-2),0.2,1.1621e+03,NL-A+F,4.4329e-32,2.1188e+01,4.4312e-32
1.0e+02,1.0000e-02,saturated (beta=1e-2),0.2,1.1621e+03,LIN-NL,4.4329e-32,2.1188e+01,4.4312e-32
1.0e+02,1.0000e-02,saturated (beta=1e-2),0.2,1.1621e+03,SHOT,7.2063e-22,5.9783e+04,5.9066e-22
1.0e+02,1.0000e-02,saturated (beta=1e-2),0.3,1.1621e+03,NL-A,8.0238e-31,5.7200e+01,9.0222e-31
1.0e+02,1.0000e-02,saturated (beta=1e-2),0.3,1.1621e+03,NL-A+F,8.0238e-31,5.7200e+01,9.0222e-31
1.0e+02,1.0000e-02,saturated (beta=1e-2),0.3,1.1621e+03,LIN-NL,8.0439e-31,5.9376e+01,9.0166e-31
1.0e+02,1.0000e-02,saturated (beta=1e-2),0.3,1.1621e+03,SHOT,7.9642e-22,5.9783e+04,6.5278e-22
1.0e+02,1.0000e-02,saturated (beta=1e-2),0.5,1.1621e+03,NL-A,2.7880e-33,1.1676e+01,1.2348e-33
1.0e+02,1.0000e-02,saturated (beta=1e-2),0.5,1.1621e+03,NL-A+F,2.7880e-33,1.1676e+01,1.2348e-33
1.0e+02,1.0000e-02,saturated (beta=1e-2),0.5,1.1621e+03,LIN-NL,3.7801e-33,1.1032e+01,1.1501e-33
1.0e+02,1.0000e-02,saturated (beta=1e-2),0.5,1.1621e+03,SHOT,1.0967e-21,5.9783e+04,8.9892e-22
1.0e+02,1.0000e-02,saturated (beta=1e-2),0.7,1.1621e+03,NL-A,6.6958e-41,1.6021e+00,1.8430e-41
1.0e+02,1.0000e-02,saturated (beta=1e-2),0.7,1.1621e+03,NL-A+F,6.6958e-41,1.6021e+00,1.8430e-41
1.0e+02,1.0000e-02,saturated (beta=1e-2),0.7,1.1621e+03,LIN-NL,6.9394e-41,1.6117e+00,1.6664e-41
1.0e+02,1.0000e-02,saturated (beta=1e-2),0.7,1.1621e+03,SHOT,1.7720e-21,5.9783e+04,1.4524e-21
1.0e+02,1.0000e-02,saturated (beta=1e-2),1.0,1.1621e+03,NL-A,4.4559e-50,5.0849e+02,3.5506e-50
1.0e+02,1.0000e-02,saturated (beta=1e-2),1.0,1.1621e+03,NL-A+F,3.1189e-50,5.0849e+02,2.3098e-50
1.0e+02,1.0000e-02,saturated (beta=1e-2),1.0,1.1621e+03,LIN-NL,1.0972e-51,2.4279e+02,3.4843e-52
1.0e+02,1.0000e-02,saturated (beta=1e-2),1.0,1.1621e+03,SHOT,4.9028e-21,5.9783e+04,4.0185e-21
1.0e+02,1.0000e-02,saturated (beta=1e-2),choptuik,1.1621e+03,NL-A,6.4004e-21,5.0849e+02,5.0933e-21
1.0e+02,1.0000e-02,saturated (beta=1e-2),choptuik,1.1621e+03,NL-A+F,4.4788e-21,5.0849e+02,3.3148e-21
1.0e+02,1.0000e-02,saturated (beta=1e-2),choptuik,1.1621e+03,LIN-NL,1.5761e-22,2.4279e+02,5.0088e-23
1.0e+02,1.0000e-02,saturated (beta=1e-2),choptuik,1.1621e+03,SHOT,7.6926e-22,5.9783e+04,6.3051e-22
1.0e+04,1.1000e-06,2012.08151 bound,mono,2.0573e+04,NL-A,4.8677e-14,3.2791e+01,6.7833e-14
1.0e+04,1.1000e-06,2012.08151 bound,mono,2.0573e+04,NL-A+F,1.0966e-14,3.2791e+01,1.9163e-14
1.0e+04,1.1000e-06,2012.08151 bound,mono,2.0573e+04,LIN-NL,3.4450e-16,3.0682e+00,1.4869e-16
1.0e+04,1.1000e-06,2012.08151 bound,mono,2.0573e+04,SHOT,1.7843e-24,1.6037e+03,1.2445e-24
1.0e+04,1.1000e-06,2012.08151 bound,1e-07,2.0573e+04,NL-A,4.8675e-14,3.2791e+01,6.7830e-14
1.0e+04,1.1000e-06,2012.08151 bound,1e-07,2.0573e+04,NL-A+F,1.0965e-14,3.2791e+01,1.9162e-14
1.0e+04,1.1000e-06,2012.08151 bound,1e-07,2.0573e+04,LIN-NL,3.4450e-16,3.0682e+00,1.4869e-16
1.0e+04,1.1000e-06,2012.08151 bound,1e-07,2.0573e+04,SHOT,1.7843e-24,1.6037e+03,1.2445e-24
1.0e+04,1.1000e-06,2012.08151 bound,1e-06,2.0573e+04,NL-A,4.8472e-14,3.2791e+01,6.7511e-14
1.0e+04,1.1000e-06,2012.08151 bound,1e-06,2.0573e+04,NL-A+F,1.0919e-14,3.2791e+01,1.9084e-14
1.0e+04,1.1000e-06,2012.08151 bound,1e-06,2.0573e+04,LIN-NL,3.4448e-16,3.0682e+00,1.4869e-16
1.0e+04,1.1000e-06,2012.08151 bound,1e-06,2.0573e+04,SHOT,1.7843e-24,1.6037e+03,1.2445e-24
1.0e+04,1.1000e-06,2012.08151 bound,1.5e-06,2.0573e+04,NL-A,4.8216e-14,3.2791e+01,6.7118e-14
1.0e+04,1.1000e-06,2012.08151 bound,1.5e-06,2.0573e+04,NL-A+F,1.0862e-14,3.2791e+01,1.8988e-14
1.0e+04,1.1000e-06,2012.08151 bound,1.5e-06,2.0573e+04,LIN-NL,3.4447e-16,3.0682e+00,1.4868e-16
1.0e+04,1.1000e-06,2012.08151 bound,1.5e-06,2.0573e+04,SHOT,1.7843e-24,1.6037e+03,1.2445e-24
1.0e+04,1.1000e-06,2012.08151 bound,2e-06,2.0573e+04,NL-A,4.7860e-14,3.2791e+01,6.6582e-14
1.0e+04,1.1000e-06,2012.08151 bound,2e-06,2.0573e+04,NL-A+F,1.0781e-14,3.2791e+01,1.8858e-14
1.0e+04,1.1000e-06,2012.08151 bound,2e-06,2.0573e+04,LIN-NL,3.4445e-16,3.0682e+00,1.4867e-16
1.0e+04,1.1000e-06,2012.08151 bound,2e-06,2.0573e+04,SHOT,1.7842e-24,1.6037e+03,1.2445e-24
1.0e+04,1.1000e-06,2012.08151 bound,3e-06,2.0573e+04,NL-A,4.6858e-14,3.2791e+01,6.5132e-14
1.0e+04,1.1000e-06,2012.08151 bound,3e-06,2.0573e+04,NL-A+F,1.0556e-14,3.2791e+01,1.8505e-14
1.0e+04,1.1000e-06,2012.08151 bound,3e-06,2.0573e+04,LIN-NL,3.4438e-16,3.0682e+00,1.4865e-16
1.0e+04,1.1000e-06,2012.08151 bound,3e-06,2.0573e+04,SHOT,1.7842e-24,1.6037e+03,1.2445e-24
1.0e+04,1.1000e-06,2012.08151 bound,5e-06,2.0573e+04,NL-A,4.4004e-14,2.5714e+01,6.1060e-14
1.0e+04,1.1000e-06,2012.08151 bound,5e-06,2.0573e+04,NL-A+F,9.8645e-15,3.2791e+01,1.7522e-14
1.0e+04,1.1000e-06,2012.08151 bound,5e-06,2.0573e+04,LIN-NL,3.4419e-16,3.0682e+00,1.4858e-16
1.0e+04,1.1000e-06,2012.08151 bound,5e-06,2.0573e+04,SHOT,1.7842e-24,1.6037e+03,1.2445e-24
1.0e+04,1.1000e-06,2012.08151 bound,7e-06,2.0573e+04,NL-A,4.1337e-14,2.5714e+01,5.6045e-14
1.0e+04,1.1000e-06,2012.08151 bound,7e-06,2.0573e+04,NL-A+F,9.2280e-15,2.5714e+01,1.6317e-14
1.0e+04,1.1000e-06,2012.08151 bound,7e-06,2.0573e+04,LIN-NL,3.4389e-16,3.0682e+00,1.4846e-16
1.0e+04,1.1000e-06,2012.08151 bound,7e-06,2.0573e+04,SHOT,1.7842e-24,1.6037e+03,1.2445e-24
1.0e+04,1.1000e-06,2012.08151 bound,1e-05,2.0573e+04,NL-A,3.6194e-14,2.5714e+01,4.7995e-14
1.0e+04,1.1000e-06,2012.08151 bound,1e-05,2.0573e+04,NL-A+F,8.0781e-15,2.5714e+01,1.4388e-14
1.0e+04,1.1000e-06,2012.08151 bound,1e-05,2.0573e+04,LIN-NL,3.4326e-16,3.0682e+00,1.4823e-16
1.0e+04,1.1000e-06,2012.08151 bound,1e-05,2.0573e+04,SHOT,1.7842e-24,1.6037e+03,1.2445e-24
1.0e+04,1.1000e-06,2012.08151 bound,1.5e-05,2.0573e+04,NL-A,2.6141e-14,2.5714e+01,3.5769e-14
1.0e+04,1.1000e-06,2012.08151 bound,1.5e-05,2.0573e+04,NL-A+F,5.8311e-15,2.5714e+01,1.1443e-14
1.0e+04,1.1000e-06,2012.08151 bound,1.5e-05,2.0573e+04,LIN-NL,3.4172e-16,3.0682e+00,1.4765e-16
1.0e+04,1.1000e-06,2012.08151 bound,1.5e-05,2.0573e+04,SHOT,1.7842e-24,1.6037e+03,1.2445e-24
1.0e+04,1.1000e-06,2012.08151 bound,2e-05,2.0573e+04,NL-A,1.8758e-14,2.0164e+01,2.6423e-14
1.0e+04,1.1000e-06,2012.08151 bound,2e-05,2.0573e+04,NL-A+F,5.2006e-15,9.7235e+00,9.1366e-15
1.0e+04,1.1000e-06,2012.08151 bound,2e-05,2.0573e+04,LIN-NL,3.3958e-16,3.0682e+00,1.4684e-16
1.0e+04,1.1000e-06,2012.08151 bound,2e-05,2.0573e+04,SHOT,1.7842e-24,1.6037e+03,1.2444e-24
1.0e+04,1.1000e-06,2012.08151 bound,3e-05,2.0573e+04,NL-A,1.0321e-14,1.2400e+01,1.5113e-14
1.0e+04,1.1000e-06,2012.08151 bound,3e-05,2.0573e+04,NL-A+F,4.4976e-15,7.6250e+00,6.1439e-15
1.0e+04,1.1000e-06,2012.08151 bound,3e-05,2.0573e+04,LIN-NL,3.3354e-16,3.0682e+00,1.4457e-16
1.0e+04,1.1000e-06,2012.08151 bound,3e-05,2.0573e+04,SHOT,1.7842e-24,1.6037e+03,1.2444e-24
1.0e+04,1.1000e-06,2012.08151 bound,5e-05,2.0573e+04,NL-A,5.5888e-15,7.6250e+00,6.2875e-15
1.0e+04,1.1000e-06,2012.08151 bound,5e-05,2.0573e+04,NL-A+F,3.1201e-15,7.6250e+00,3.2720e-15
1.0e+04,1.1000e-06,2012.08151 bound,5e-05,2.0573e+04,LIN-NL,3.1492e-16,3.0682e+00,1.3755e-16
1.0e+04,1.1000e-06,2012.08151 bound,5e-05,2.0573e+04,SHOT,1.7841e-24,1.6037e+03,1.2444e-24
1.0e+04,1.1000e-06,2012.08151 bound,7e-05,2.0573e+04,NL-A,3.2297e-15,7.6250e+00,3.1432e-15
1.0e+04,1.1000e-06,2012.08151 bound,7e-05,2.0573e+04,NL-A+F,1.9851e-15,5.9793e+00,1.8958e-15
1.0e+04,1.1000e-06,2012.08151 bound,7e-05,2.0573e+04,LIN-NL,2.8892e-16,3.0682e+00,1.2771e-16
1.0e+04,1.1000e-06,2012.08151 bound,7e-05,2.0573e+04,SHOT,1.7841e-24,1.6037e+03,1.2444e-24
1.0e+04,1.1000e-06,2012.08151 bound,0.0001,2.0573e+04,NL-A,1.5037e-15,5.9793e+00,1.2751e-15
1.0e+04,1.1000e-06,2012.08151 bound,0.0001,2.0573e+04,NL-A+F,9.7104e-16,5.9793e+00,8.7930e-16
1.0e+04,1.1000e-06,2012.08151 bound,0.0001,2.0573e+04,LIN-NL,2.4058e-16,3.0682e+00,1.0931e-16
1.0e+04,1.1000e-06,2012.08151 bound,0.0001,2.0573e+04,SHOT,1.7840e-24,1.6037e+03,1.2444e-24
1.0e+04,1.1000e-06,2012.08151 bound,0.00015,2.0573e+04,NL-A,4.3143e-16,4.6889e+00,3.4124e-16
1.0e+04,1.1000e-06,2012.08151 bound,0.00015,2.0573e+04,NL-A+F,3.1650e-16,4.6889e+00,2.7040e-16
1.0e+04,1.1000e-06,2012.08151 bound,0.00015,2.0573e+04,LIN-NL,1.5605e-16,2.9419e+00,7.5569e-17
1.0e+04,1.1000e-06,2012.08151 bound,0.00015,2.0573e+04,SHOT,1.7838e-24,1.6037e+03,1.2443e-24
1.0e+04,1.1000e-06,2012.08151 bound,0.0002,2.0573e+04,NL-A,1.3887e-16,3.6769e+00,1.0870e-16
1.0e+04,1.1000e-06,2012.08151 bound,0.0002,2.0573e+04,NL-A+F,1.1942e-16,3.6769e+00,9.4795e-17
1.0e+04,1.1000e-06,2012.08151 bound,0.0002,2.0573e+04,LIN-NL,8.8186e-17,2.8208e+00,4.6407e-17
1.0e+04,1.1000e-06,2012.08151 bound,0.0002,2.0573e+04,SHOT,1.7837e-24,1.6037e+03,1.2442e-24
1.0e+04,1.1000e-06,2012.08151 bound,0.0003,2.0573e+04,NL-A,2.0415e-17,2.8833e+00,1.6893e-17
1.0e+04,1.1000e-06,2012.08151 bound,0.0003,2.0573e+04,NL-A+F,1.9862e-17,2.8833e+00,1.6333e-17
1.0e+04,1.1000e-06,2012.08151 bound,0.0003,2.0573e+04,LIN-NL,2.1329e-17,2.5933e+00,1.3894e-17
1.0e+04,1.1000e-06,2012.08151 bound,0.0003,2.0573e+04,SHOT,1.7834e-24,1.6037e+03,1.2441e-24
1.0e+04,1.1000e-06,2012.08151 bound,0.0005,2.0573e+04,NL-A,1.5960e-18,1.7731e+00,1.2162e-18
1.0e+04,1.1000e-06,2012.08151 bound,0.0005,2.0573e+04,NL-A+F,1.5960e-18,1.7731e+00,1.2155e-18
1.0e+04,1.1000e-06,2012.08151 bound,0.0005,2.0573e+04,LIN-NL,1.6483e-18,1.6330e+00,1.2138e-18
1.0e+04,1.1000e-06,2012.08151 bound,0.0005,2.0573e+04,SHOT,1.7829e-24,1.6037e+03,1.2439e-24
1.0e+04,1.1000e-06,2012.08151 bound,0.0007,2.0573e+04,NL-A,2.3857e-19,1.0903e+00,1.8264e-19
1.0e+04,1.1000e-06,2012.08151 bound,0.0007,2.0573e+04,NL-A+F,2.3857e-19,1.0903e+00,1.8264e-19
1.0e+04,1.1000e-06,2012.08151 bound,0.0007,2.0573e+04,LIN-NL,2.5856e-19,1.2167e+00,1.8264e-19
1.0e+04,1.1000e-06,2012.08151 bound,0.0007,2.0573e+04,SHOT,1.7824e-24,1.6037e+03,1.2437e-24
1.0e+04,1.1000e-06,2012.08151 bound,0.001,2.0573e+04,NL-A,3.0352e-20,8.5500e-01,2.0770e-20
1.0e+04,1.1000e-06,2012.08151 bound,0.001,2.0573e+04,NL-A+F,3.0352e-20,8.5500e-01,2.0770e-20
1.0e+04,1.1000e-06,2012.08151 bound,0.001,2.0573e+04,LIN-NL,3.0738e-20,9.0650e-01,2.0770e-20
1.0e+04,1.1000e-06,2012.08151 bound,0.001,2.0573e+04,SHOT,1.7816e-24,1.6037e+03,1.2433e-24
1.0e+04,1.1000e-06,2012.08151 bound,0.0015,2.0573e+04,NL-A,2.0895e-21,6.7047e-01,1.3929e-21
1.0e+04,1.1000e-06,2012.08151 bound,0.0015,2.0573e+04,NL-A+F,2.0895e-21,6.7047e-01,1.3929e-21
1.0e+04,1.1000e-06,2012.08151 bound,0.0015,2.0573e+04,LIN-NL,2.1661e-21,6.2092e-01,1.3929e-21
1.0e+04,1.1000e-06,2012.08151 bound,0.0015,2.0573e+04,SHOT,1.7802e-24,1.6037e+03,1.2428e-24
1.0e+04,1.1000e-06,2012.08151 bound,0.002,2.0573e+04,NL-A,2.6595e-22,5.2577e-01,1.7427e-22
1.0e+04,1.1000e-06,2012.08151 bound,0.002,2.0573e+04,NL-A+F,2.6595e-22,5.2577e-01,1.7427e-22
1.0e+04,1.1000e-06,2012.08151 bound,0.002,2.0573e+04,LIN-NL,2.7979e-22,4.8248e-01,1.7427e-22
1.0e+04,1.1000e-06,2012.08151 bound,0.002,2.0573e+04,SHOT,1.7789e-24,1.6037e+03,1.2422e-24
1.0e+04,1.1000e-06,2012.08151 bound,0.003,2.0573e+04,NL-A,1.1999e-23,3.2331e-01,7.3403e-24
1.0e+04,1.1000e-06,2012.08151 bound,0.003,2.0573e+04,NL-A+F,1.1999e-23,3.2331e-01,7.3403e-24
1.0e+04,1.1000e-06,2012.08151 bound,0.003,2.0573e+04,LIN-NL,1.2250e-23,3.4467e-01,7.3405e-24
1.0e+04,1.1000e-06,2012.08151 bound,0.003,2.0573e+04,SHOT,1.7762e-24,1.6037e+03,1.2411e-24
1.0e+04,1.1000e-06,2012.08151 bound,0.005,2.0573e+04,NL-A,1.5052e-25,1.9882e-01,9.1563e-26
1.0e+04,1.1000e-06,2012.08151 bound,0.005,2.0573e+04,NL-A+F,1.5052e-25,1.9882e-01,9.1563e-26
1.0e+04,1.1000e-06,2012.08151 bound,0.005,2.0573e+04,LIN-NL,1.5912e-25,2.1705e-01,9.1563e-26
1.0e+04,1.1000e-06,2012.08151 bound,0.005,2.0573e+04,SHOT,1.7709e-24,1.6037e+03,1.2388e-24
1.0e+04,1.1000e-06,2012.08151 bound,0.007,2.0573e+04,NL-A,7.2113e-27,1.5591e-01,4.0724e-27
1.0e+04,1.1000e-06,2012.08151 bound,0.007,2.0573e+04,NL-A+F,7.2113e-27,1.5591e-01,4.0724e-27
1.0e+04,1.1000e-06,2012.08151 bound,0.007,2.0573e+04,LIN-NL,7.1983e-27,1.5505e-01,4.0722e-27
1.0e+04,1.1000e-06,2012.08151 bound,0.007,2.0573e+04,SHOT,1.7657e-24,1.6037e+03,1.2366e-24
1.0e+04,1.1000e-06,2012.08151 bound,0.01,2.0573e+04,NL-A,2.1499e-28,1.2226e-01,1.2652e-28
1.0e+04,1.1000e-06,2012.08151 bound,0.01,2.0573e+04,NL-A+F,2.1499e-28,1.2226e-01,1.2652e-28
1.0e+04,1.1000e-06,2012.08151 bound,0.01,2.0573e+04,LIN-NL,2.2730e-28,1.1552e-01,1.2652e-28
1.0e+04,1.1000e-06,2012.08151 bound,0.01,2.0573e+04,SHOT,1.7579e-24,1.6037e+03,1.2334e-24
1.0e+04,1.1000e-06,2012.08151 bound,0.015,2.0573e+04,NL-A,3.6806e-30,7.5181e-02,2.0467e-30
1.0e+04,1.1000e-06,2012.08151 bound,0.015,2.0573e+04,NL-A+F,3.6806e-30,7.5181e-02,2.0467e-30
1.0e+04,1.1000e-06,2012.08151 bound,0.015,2.0573e+04,LIN-NL,3.7132e-30,7.9129e-02,2.0467e-30
1.0e+04,1.1000e-06,2012.08151 bound,0.015,2.0573e+04,SHOT,1.7453e-24,1.6037e+03,1.2281e-24
1.0e+04,1.1000e-06,2012.08151 bound,0.02,2.0573e+04,NL-A,1.8327e-31,5.8955e-02,1.0058e-31
1.0e+04,1.1000e-06,2012.08151 bound,0.02,2.0573e+04,NL-A+F,1.8327e-31,5.8955e-02,1.0058e-31
1.0e+04,1.1000e-06,2012.08151 bound,0.02,2.0573e+04,LIN-NL,1.8327e-31,5.8955e-02,1.0057e-31
1.0e+04,1.1000e-06,2012.08151 bound,0.02,2.0573e+04,SHOT,1.7331e-24,1.6037e+03,1.2230e-24
1.0e+04,1.1000e-06,2012.08151 bound,0.03,2.0573e+04,NL-A,2.1215e-33,3.6253e-02,1.3401e-33
1.0e+04,1.1000e-06,2012.08151 bound,0.03,2.0573e+04,NL-A+F,2.1215e-33,3.6253e-02,1.3401e-33
1.0e+04,1.1000e-06,2012.08151 bound,0.03,2.0573e+04,LIN-NL,2.4199e-33,4.0382e-02,1.3400e-33
1.0e+04,1.1000e-06,2012.08151 bound,0.03,2.0573e+04,SHOT,1.7097e-24,1.6037e+03,1.2134e-24
1.0e+04,1.1000e-06,2012.08151 bound,0.05,2.0573e+04,NL-A,9.3845e-36,2.8429e-02,5.9182e-36
1.0e+04,1.1000e-06,2012.08151 bound,0.05,2.0573e+04,NL-A+F,9.3845e-36,2.8429e-02,5.9182e-36
1.0e+04,1.1000e-06,2012.08151 bound,0.05,2.0573e+04,LIN-NL,1.0204e-35,2.5429e-02,5.9182e-36
1.0e+04,1.1000e-06,2012.08151 bound,0.05,2.0573e+04,SHOT,1.6668e-24,1.6037e+03,1.1963e-24
1.0e+04,1.1000e-06,2012.08151 bound,0.07,2.0573e+04,NL-A,2.8512e-37,2.2293e-02,1.9488e-37
1.0e+04,1.1000e-06,2012.08151 bound,0.07,2.0573e+04,NL-A+F,2.8512e-37,2.2293e-02,1.9488e-37
1.0e+04,1.1000e-06,2012.08151 bound,0.07,2.0573e+04,LIN-NL,3.1614e-37,1.9760e-02,1.9488e-37
1.0e+04,1.1000e-06,2012.08151 bound,0.07,2.0573e+04,SHOT,1.6289e-24,1.6037e+03,1.1818e-24
1.0e+04,1.1000e-06,2012.08151 bound,0.1,2.0573e+04,NL-A,1.0762e-38,1.7482e-02,7.6121e-39
1.0e+04,1.1000e-06,2012.08151 bound,0.1,2.0573e+04,NL-A+F,1.0762e-38,1.7482e-02,7.6121e-39
1.0e+04,1.1000e-06,2012.08151 bound,0.1,2.0573e+04,LIN-NL,1.1041e-38,1.6701e-02,7.6121e-39
1.0e+04,1.1000e-06,2012.08151 bound,0.1,2.0573e+04,SHOT,1.5806e-24,1.6037e+03,1.1648e-24
1.0e+04,1.1000e-06,2012.08151 bound,0.15,2.0573e+04,NL-A,6.2733e-40,1.7482e-02,5.4095e-40
1.0e+04,1.1000e-06,2012.08151 bound,0.15,2.0573e+04,NL-A+F,6.2733e-40,1.7482e-02,5.4095e-40
1.0e+04,1.1000e-06,2012.08151 bound,0.15,2.0573e+04,LIN-NL,6.5168e-40,1.6013e-02,5.4095e-40
1.0e+04,1.1000e-06,2012.08151 bound,0.15,2.0573e+04,SHOT,1.1829e-24,1.2576e+03,9.1757e-25
1.0e+04,1.1000e-06,2012.08151 bound,0.2,2.0573e+04,NL-A,2.9330e-40,2.2293e-02,2.9997e-40
1.0e+04,1.1000e-06,2012.08151 bound,0.2,2.0573e+04,NL-A+F,2.9330e-40,2.2293e-02,2.9997e-40
1.0e+04,1.1000e-06,2012.08151 bound,0.2,2.0573e+04,LIN-NL,3.0637e-40,1.9760e-02,2.9997e-40
1.0e+04,1.1000e-06,2012.08151 bound,0.2,2.0573e+04,SHOT,1.2250e-24,1.2576e+03,9.5025e-25
1.0e+04,1.1000e-06,2012.08151 bound,0.3,2.0573e+04,NL-A,3.2046e-39,4.6231e-02,3.7045e-39
1.0e+04,1.1000e-06,2012.08151 bound,0.3,2.0573e+04,NL-A+F,3.2046e-39,4.6231e-02,3.7045e-39
1.0e+04,1.1000e-06,2012.08151 bound,0.3,2.0573e+04,LIN-NL,3.2101e-39,4.7778e-02,3.7133e-39
1.0e+04,1.1000e-06,2012.08151 bound,0.3,2.0573e+04,SHOT,1.3539e-24,1.2576e+03,1.0502e-24
1.0e+04,1.1000e-06,2012.08151 bound,0.5,2.0573e+04,NL-A,3.2857e-41,1.0750e-02,1.0802e-41
1.0e+04,1.1000e-06,2012.08151 bound,0.5,2.0573e+04,NL-A+F,3.2857e-41,1.0750e-02,1.0802e-41
1.0e+04,1.1000e-06,2012.08151 bound,0.5,2.0573e+04,LIN-NL,3.3670e-41,1.0969e-02,1.0178e-41
1.0e+04,1.1000e-06,2012.08151 bound,0.5,2.0573e+04,SHOT,1.8643e-24,1.2576e+03,1.4462e-24
1.0e+04,1.1000e-06,2012.08151 bound,0.7,2.0573e+04,NL-A,6.0442e-49,1.5372e-03,1.7302e-49
1.0e+04,1.1000e-06,2012.08151 bound,0.7,2.0573e+04,NL-A+F,6.0442e-49,1.5372e-03,1.7302e-49
1.0e+04,1.1000e-06,2012.08151 bound,0.7,2.0573e+04,LIN-NL,6.6069e-49,1.5857e-03,1.6539e-49
1.0e+04,1.1000e-06,2012.08151 bound,0.7,2.0573e+04,SHOT,3.0122e-24,1.2576e+03,2.3366e-24
1.0e+04,1.1000e-06,2012.08151 bound,1.0,2.0573e+04,NL-A,4.4837e-58,3.6769e+00,7.3966e-58
1.0e+04,1.1000e-06,2012.08151 bound,1.0,2.0573e+04,NL-A+F,3.8282e-58,3.6769e+00,6.0767e-58
1.0e+04,1.1000e-06,2012.08151 bound,1.0,2.0573e+04,LIN-NL,3.5293e-58,2.5933e+00,3.3048e-58
1.0e+04,1.1000e-06,2012.08151 bound,1.0,2.0573e+04,SHOT,8.3344e-24,1.2576e+03,6.4649e-24
1.0e+04,1.1000e-06,2012.08151 bound,choptuik,2.0573e+04,NL-A,6.3709e-29,3.6769e+00,1.0465e-28
1.0e+04,1.1000e-06,2012.08151 bound,choptuik,2.0573e+04,NL-A+F,5.4404e-29,3.6769e+00,8.5927e-29
1.0e+04,1.1000e-06,2012.08151 bound,choptuik,2.0573e+04,LIN-NL,4.9947e-29,2.5933e+00,4.6611e-29
1.0e+04,1.1000e-06,2012.08151 bound,choptuik,2.0573e+04,SHOT,1.3077e-24,1.2576e+03,1.0144e-24
1.0e+04,1.0000e-02,saturated (beta=1e-2),mono,4.2432e+03,NL-A,5.9479e-12,2.8834e+00,7.3137e-12
1.0e+04,1.0000e-02,saturated (beta=1e-2),mono,4.2432e+03,NL-A+F,3.8718e-12,2.8834e+00,3.2044e-12
1.0e+04,1.0000e-02,saturated (beta=1e-2),mono,4.2432e+03,LIN-NL,2.9470e-15,9.0653e-01,6.6172e-16
1.0e+04,1.0000e-02,saturated (beta=1e-2),mono,4.2432e+03,SHOT,1.7842e-24,1.6038e+03,1.2445e-24
1.0e+04,1.0000e-02,saturated (beta=1e-2),1e-07,4.2432e+03,NL-A,5.9479e-12,2.8834e+00,7.3137e-12
1.0e+04,1.0000e-02,saturated (beta=1e-2),1e-07,4.2432e+03,NL-A+F,3.8718e-12,2.8834e+00,3.2044e-12
1.0e+04,1.0000e-02,saturated (beta=1e-2),1e-07,4.2432e+03,LIN-NL,2.9470e-15,9.0653e-01,6.6172e-16
1.0e+04,1.0000e-02,saturated (beta=1e-2),1e-07,4.2432e+03,SHOT,1.7842e-24,1.6038e+03,1.2445e-24
1.0e+04,1.0000e-02,saturated (beta=1e-2),1e-06,4.2432e+03,NL-A,5.9478e-12,2.8834e+00,7.3129e-12
1.0e+04,1.0000e-02,saturated (beta=1e-2),1e-06,4.2432e+03,NL-A+F,3.8717e-12,2.8834e+00,3.2042e-12
1.0e+04,1.0000e-02,saturated (beta=1e-2),1e-06,4.2432e+03,LIN-NL,2.9470e-15,9.0653e-01,6.6172e-16
1.0e+04,1.0000e-02,saturated (beta=1e-2),1e-06,4.2432e+03,SHOT,1.7842e-24,1.6038e+03,1.2445e-24
1.0e+04,1.0000e-02,saturated (beta=1e-2),1.5e-06,4.2432e+03,NL-A,5.9475e-12,2.8834e+00,7.3118e-12
1.0e+04,1.0000e-02,saturated (beta=1e-2),1.5e-06,4.2432e+03,NL-A+F,3.8715e-12,2.8834e+00,3.2039e-12
1.0e+04,1.0000e-02,saturated (beta=1e-2),1.5e-06,4.2432e+03,LIN-NL,2.9470e-15,9.0653e-01,6.6172e-16
1.0e+04,1.0000e-02,saturated (beta=1e-2),1.5e-06,4.2432e+03,SHOT,1.7842e-24,1.6038e+03,1.2445e-24
1.0e+04,1.0000e-02,saturated (beta=1e-2),2e-06,4.2432e+03,NL-A,5.9472e-12,2.8834e+00,7.3102e-12
1.0e+04,1.0000e-02,saturated (beta=1e-2),2e-06,4.2432e+03,NL-A+F,3.8713e-12,2.8834e+00,3.2036e-12
1.0e+04,1.0000e-02,saturated (beta=1e-2),2e-06,4.2432e+03,LIN-NL,2.9470e-15,9.0653e-01,6.6171e-16
1.0e+04,1.0000e-02,saturated (beta=1e-2),2e-06,4.2432e+03,SHOT,1.7842e-24,1.6038e+03,1.2445e-24
1.0e+04,1.0000e-02,saturated (beta=1e-2),3e-06,4.2432e+03,NL-A,5.9462e-12,2.8834e+00,7.3058e-12
1.0e+04,1.0000e-02,saturated (beta=1e-2),3e-06,4.2432e+03,NL-A+F,3.8707e-12,2.8834e+00,3.2026e-12
1.0e+04,1.0000e-02,saturated (beta=1e-2),3e-06,4.2432e+03,LIN-NL,2.9469e-15,9.0653e-01,6.6170e-16
1.0e+04,1.0000e-02,saturated (beta=1e-2),3e-06,4.2432e+03,SHOT,1.7842e-24,1.6038e+03,1.2445e-24
1.0e+04,1.0000e-02,saturated (beta=1e-2),5e-06,4.2432e+03,NL-A,5.9431e-12,2.8834e+00,7.2918e-12
1.0e+04,1.0000e-02,saturated (beta=1e-2),5e-06,4.2432e+03,NL-A+F,3.8687e-12,2.8834e+00,3.1995e-12
1.0e+04,1.0000e-02,saturated (beta=1e-2),5e-06,4.2432e+03,LIN-NL,2.9468e-15,9.0653e-01,6.6167e-16
1.0e+04,1.0000e-02,saturated (beta=1e-2),5e-06,4.2432e+03,SHOT,1.7842e-24,1.6038e+03,1.2444e-24
1.0e+04,1.0000e-02,saturated (beta=1e-2),7e-06,4.2432e+03,NL-A,5.9385e-12,2.8834e+00,7.2710e-12
1.0e+04,1.0000e-02,saturated (beta=1e-2),7e-06,4.2432e+03,NL-A+F,3.8657e-12,2.8834e+00,3.1948e-12
1.0e+04,1.0000e-02,saturated (beta=1e-2),7e-06,4.2432e+03,LIN-NL,2.9466e-15,9.0653e-01,6.6163e-16
1.0e+04,1.0000e-02,saturated (beta=1e-2),7e-06,4.2432e+03,SHOT,1.7842e-24,1.6038e+03,1.2444e-24
1.0e+04,1.0000e-02,saturated (beta=1e-2),1e-05,4.2432e+03,NL-A,5.9287e-12,2.8834e+00,7.2275e-12
1.0e+04,1.0000e-02,saturated (beta=1e-2),1e-05,4.2432e+03,NL-A+F,3.8594e-12,2.8834e+00,3.1849e-12
1.0e+04,1.0000e-02,saturated (beta=1e-2),1e-05,4.2432e+03,LIN-NL,2.9461e-15,9.0653e-01,6.6153e-16
1.0e+04,1.0000e-02,saturated (beta=1e-2),1e-05,4.2432e+03,SHOT,1.7842e-24,1.6038e+03,1.2444e-24
1.0e+04,1.0000e-02,saturated (beta=1e-2),1.5e-05,4.2432e+03,NL-A,5.9048e-12,2.8834e+00,7.1247e-12
1.0e+04,1.0000e-02,saturated (beta=1e-2),1.5e-05,4.2432e+03,NL-A+F,3.8439e-12,2.8834e+00,3.1614e-12
1.0e+04,1.0000e-02,saturated (beta=1e-2),1.5e-05,4.2432e+03,LIN-NL,2.9450e-15,9.0653e-01,6.6130e-16
1.0e+04,1.0000e-02,saturated (beta=1e-2),1.5e-05,4.2432e+03,SHOT,1.7842e-24,1.6038e+03,1.2444e-24
1.0e+04,1.0000e-02,saturated (beta=1e-2),2e-05,4.2432e+03,NL-A,5.8715e-12,2.8834e+00,6.9887e-12
1.0e+04,1.0000e-02,saturated (beta=1e-2),2e-05,4.2432e+03,NL-A+F,3.8223e-12,2.8834e+00,3.1298e-12
1.0e+04,1.0000e-02,saturated (beta=1e-2),2e-05,4.2432e+03,LIN-NL,2.9434e-15,9.0653e-01,6.6097e-16
1.0e+04,1.0000e-02,saturated (beta=1e-2),2e-05,4.2432e+03,SHOT,1.7842e-24,1.6038e+03,1.2444e-24
1.0e+04,1.0000e-02,saturated (beta=1e-2),3e-05,4.2432e+03,NL-A,5.7774e-12,2.8834e+00,6.6395e-12
1.0e+04,1.0000e-02,saturated (beta=1e-2),3e-05,4.2432e+03,NL-A+F,3.7613e-12,2.8834e+00,3.0457e-12
1.0e+04,1.0000e-02,saturated (beta=1e-2),3e-05,4.2432e+03,LIN-NL,2.9388e-15,9.0653e-01,6.6002e-16
1.0e+04,1.0000e-02,saturated (beta=1e-2),3e-05,4.2432e+03,SHOT,1.7841e-24,1.6038e+03,1.2444e-24
1.0e+04,1.0000e-02,saturated (beta=1e-2),5e-05,4.2432e+03,NL-A,5.4861e-12,2.8834e+00,5.7785e-12
1.0e+04,1.0000e-02,saturated (beta=1e-2),5e-05,4.2432e+03,NL-A+F,3.5725e-12,2.8834e+00,2.8198e-12
1.0e+04,1.0000e-02,saturated (beta=1e-2),5e-05,4.2432e+03,LIN-NL,2.9243e-15,9.0653e-01,6.5701e-16
1.0e+04,1.0000e-02,saturated (beta=1e-2),5e-05,4.2432e+03,SHOT,1.7841e-24,1.6038e+03,1.2444e-24
1.0e+04,1.0000e-02,saturated (beta=1e-2),7e-05,4.2432e+03,NL-A,5.0766e-12,2.8834e+00,4.8948e-12
1.0e+04,1.0000e-02,saturated (beta=1e-2),7e-05,4.2432e+03,NL-A+F,3.3152e-12,2.2611e+00,2.5537e-12
1.0e+04,1.0000e-02,saturated (beta=1e-2),7e-05,4.2432e+03,LIN-NL,2.9027e-15,9.0653e-01,6.5252e-16
1.0e+04,1.0000e-02,saturated (beta=1e-2),7e-05,4.2432e+03,SHOT,1.7840e-24,1.6038e+03,1.2444e-24
1.0e+04,1.0000e-02,saturated (beta=1e-2),0.0001,4.2432e+03,NL-A,4.3051e-12,2.8834e+00,3.7424e-12
1.0e+04,1.0000e-02,saturated (beta=1e-2),0.0001,4.2432e+03,NL-A+F,2.9968e-12,2.2611e+00,2.1365e-12
1.0e+04,1.0000e-02,saturated (beta=1e-2),0.0001,4.2432e+03,LIN-NL,2.8573e-15,9.0653e-01,6.4308e-16
1.0e+04,1.0000e-02,saturated (beta=1e-2),0.0001,4.2432e+03,SHOT,1.7840e-24,1.6038e+03,1.2443e-24
1.0e+04,1.0000e-02,saturated (beta=1e-2),0.00015,4.2432e+03,NL-A,3.1058e-12,2.2611e+00,2.3449e-12
1.0e+04,1.0000e-02,saturated (beta=1e-2),0.00015,4.2432e+03,NL-A+F,2.3399e-12,2.2611e+00,1.4899e-12
1.0e+04,1.0000e-02,saturated (beta=1e-2),0.00015,4.2432e+03,LIN-NL,2.7490e-15,9.0653e-01,6.2053e-16
1.0e+04,1.0000e-02,saturated (beta=1e-2),0.00015,4.2432e+03,SHOT,1.7838e-24,1.6038e+03,1.2443e-24
1.0e+04,1.0000e-02,saturated (beta=1e-2),0.0002,4.2432e+03,NL-A,2.1953e-12,2.2611e+00,1.4318e-12
1.0e+04,1.0000e-02,saturated (beta=1e-2),0.0002,4.2432e+03,NL-A+F,1.6551e-12,2.2611e+00,9.7082e-13
1.0e+04,1.0000e-02,saturated (beta=1e-2),0.0002,4.2432e+03,LIN-NL,2.6042e-15,9.0653e-01,5.9033e-16
1.0e+04,1.0000e-02,saturated (beta=1e-2),0.0002,4.2432e+03,SHOT,1.7837e-24,1.6038e+03,1.2442e-24
1.0e+04,1.0000e-02,saturated (beta=1e-2),0.0003,4.2432e+03,NL-A,8.1559e-13,2.2611e+00,4.9001e-13
1.0e+04,1.0000e-02,saturated (beta=1e-2),0.0003,4.2432e+03,NL-A+F,6.1605e-13,2.2611e+00,3.5274e-13
1.0e+04,1.0000e-02,saturated (beta=1e-2),0.0003,4.2432e+03,LIN-NL,2.2312e-15,9.0653e-01,5.1215e-16
1.0e+04,1.0000e-02,saturated (beta=1e-2),0.0003,4.2432e+03,SHOT,1.7834e-24,1.6038e+03,1.2441e-24
1.0e+04,1.0000e-02,saturated (beta=1e-2),0.0005,4.2432e+03,NL-A,8.5943e-14,1.7731e+00,4.8592e-14
1.0e+04,1.0000e-02,saturated (beta=1e-2),0.0005,4.2432e+03,NL-A+F,6.3220e-14,1.7731e+00,3.5210e-14
1.0e+04,1.0000e-02,saturated (beta=1e-2),0.0005,4.2432e+03,LIN-NL,1.3606e-15,9.0653e-01,3.2659e-16
1.0e+04,1.0000e-02,saturated (beta=1e-2),0.0005,4.2432e+03,SHOT,1.7829e-24,1.6038e+03,1.2439e-24
1.0e+04,1.0000e-02,saturated (beta=1e-2),0.0007,4.2432e+03,NL-A,9.8768e-15,1.3904e+00,5.1596e-15
1.0e+04,1.0000e-02,saturated (beta=1e-2),0.0007,4.2432e+03,NL-A+F,6.7354e-15,1.3904e+00,3.6914e-15
1.0e+04,1.0000e-02,saturated (beta=1e-2),0.0007,4.2432e+03,LIN-NL,6.4790e-16,9.0653e-01,1.6869e-16
1.0e+04,1.0000e-02,saturated (beta=1e-2),0.0007,4.2432e+03,SHOT,1.7823e-24,1.6038e+03,1.2437e-24
1.0e+04,1.0000e-02,saturated (beta=1e-2),0.001,4.2432e+03,NL-A,5.1586e-16,1.0903e+00,2.4701e-16
1.0e+04,1.0000e-02,saturated (beta=1e-2),0.001,4.2432e+03,NL-A+F,3.6631e-16,1.0903e+00,1.8777e-16
1.0e+04,1.0000e-02,saturated (beta=1e-2),0.001,4.2432e+03,LIN-NL,1.4427e-16,8.6920e-01,4.4081e-17
1.0e+04,1.0000e-02,saturated (beta=1e-2),0.001,4.2432e+03,SHOT,1.7815e-24,1.6038e+03,1.2433e-24
1.0e+04,1.0000e-02,saturated (beta=1e-2),0.0015,4.2432e+03,NL-A,6.5435e-18,8.5502e-01,3.4540e-18
1.0e+04,1.0000e-02,saturated (beta=1e-2),0.0015,4.2432e+03,NL-A+F,6.0416e-18,8.5502e-01,3.2018e-18
1.0e+04,1.0000e-02,saturated (beta=1e-2),0.0015,4.2432e+03,LIN-NL,5.9483e-18,7.6620e-01,2.4739e-18
1.0e+04,1.0000e-02,saturated (beta=1e-2),0.0015,4.2432e+03,SHOT,1.7802e-24,1.6038e+03,1.2427e-24
1.0e+04,1.0000e-02,saturated (beta=1e-2),0.002,4.2432e+03,NL-A,2.1559e-19,6.7049e-01,1.2532e-19
1.0e+04,1.0000e-02,saturated (beta=1e-2),0.002,4.2432e+03,NL-A+F,2.1545e-19,6.7049e-01,1.2449e-19
1.0e+04,1.0000e-02,saturated (beta=1e-2),0.002,4.2432e+03,LIN-NL,2.3675e-19,6.2094e-01,1.2233e-19
1.0e+04,1.0000e-02,saturated (beta=1e-2),0.002,4.2432e+03,SHOT,1.7788e-24,1.6038e+03,1.2422e-24
1.0e+04,1.0000e-02,saturated (beta=1e-2),0.003,4.2432e+03,NL-A,2.1116e-21,4.1230e-01,1.1172e-21
1.0e+04,1.0000e-02,saturated (beta=1e-2),0.003,4.2432e+03,NL-A+F,2.1116e-21,4.1230e-01,1.1172e-21
1.0e+04,1.0000e-02,saturated (beta=1e-2),0.003,4.2432e+03,LIN-NL,2.1124e-21,4.0781e-01,1.1172e-21
1.0e+04,1.0000e-02,saturated (beta=1e-2),0.003,4.2432e+03,SHOT,1.7762e-24,1.6038e+03,1.2410e-24
1.0e+04,1.0000e-02,saturated (beta=1e-2),0.005,4.2432e+03,NL-A,5.4437e-24,2.5354e-01,2.9119e-24
1.0e+04,1.0000e-02,saturated (beta=1e-2),0.005,4.2432e+03,NL-A+F,5.4437e-24,2.5354e-01,2.9119e-24
1.0e+04,1.0000e-02,saturated (beta=1e-2),0.005,4.2432e+03,LIN-NL,5.5035e-24,2.4623e-01,2.9121e-24
1.0e+04,1.0000e-02,saturated (beta=1e-2),0.005,4.2432e+03,SHOT,1.7709e-24,1.6038e+03,1.2388e-24
1.0e+04,1.0000e-02,saturated (beta=1e-2),0.007,4.2432e+03,NL-A,9.3708e-26,1.5591e-01,5.7874e-26
1.0e+04,1.0000e-02,saturated (beta=1e-2),0.007,4.2432e+03,NL-A+F,9.3708e-26,1.5591e-01,5.7874e-26
1.0e+04,1.0000e-02,saturated (beta=1e-2),0.007,4.2432e+03,LIN-NL,1.0929e-25,1.7590e-01,5.7873e-26
1.0e+04,1.0000e-02,saturated (beta=1e-2),0.007,4.2432e+03,SHOT,1.7656e-24,1.6038e+03,1.2366e-24
1.0e+04,1.0000e-02,saturated (beta=1e-2),0.01,4.2432e+03,NL-A,1.7183e-27,1.2226e-01,9.1218e-28
1.0e+04,1.0000e-02,saturated (beta=1e-2),0.01,4.2432e+03,NL-A+F,1.7183e-27,1.2226e-01,9.1218e-28
1.0e+04,1.0000e-02,saturated (beta=1e-2),0.01,4.2432e+03,LIN-NL,1.7121e-27,1.2566e-01,9.1215e-28
1.0e+04,1.0000e-02,saturated (beta=1e-2),0.01,4.2432e+03,SHOT,1.7579e-24,1.6038e+03,1.2334e-24
1.0e+04,1.0000e-02,saturated (beta=1e-2),0.015,4.2432e+03,NL-A,1.4088e-29,7.5183e-02,8.2362e-30
1.0e+04,1.0000e-02,saturated (beta=1e-2),0.015,4.2432e+03,NL-A+F,1.4088e-29,7.5183e-02,8.2362e-30
1.0e+04,1.0000e-02,saturated (beta=1e-2),0.015,4.2432e+03,LIN-NL,1.5455e-29,8.2529e-02,8.2360e-30
1.0e+04,1.0000e-02,saturated (beta=1e-2),0.015,4.2432e+03,SHOT,1.7453e-24,1.6038e+03,1.2281e-24
1.0e+04,1.0000e-02,saturated (beta=1e-2),0.02,4.2432e+03,NL-A,5.3516e-31,5.8957e-02,2.9614e-31
1.0e+04,1.0000e-02,saturated (beta=1e-2),0.02,4.2432e+03,NL-A+F,5.3516e-31,5.8957e-02,2.9614e-31
1.0e+04,1.0000e-02,saturated (beta=1e-2),0.02,4.2432e+03,LIN-NL,5.5139e-31,6.1488e-02,2.9612e-31
1.0e+04,1.0000e-02,saturated (beta=1e-2),0.02,4.2432e+03,SHOT,1.7331e-24,1.6038e+03,1.2230e-24
1.0e+04,1.0000e-02,saturated (beta=1e-2),0.03,4.2432e+03,NL-A,4.7245e-33,4.6232e-02,2.8477e-33
1.0e+04,1.0000e-02,saturated (beta=1e-2),0.03,4.2432e+03,NL-A+F,4.7245e-33,4.6232e-02,2.8477e-33
1.0e+04,1.0000e-02,saturated (beta=1e-2),0.03,4.2432e+03,LIN-NL,5.2181e-33,4.2117e-02,2.8478e-33
1.0e+04,1.0000e-02,saturated (beta=1e-2),0.03,4.2432e+03,SHOT,1.7096e-24,1.6038e+03,1.2134e-24
1.0e+04,1.0000e-02,saturated (beta=1e-2),0.05,4.2432e+03,NL-A,1.6028e-35,2.8430e-02,9.6520e-36
1.0e+04,1.0000e-02,saturated (beta=1e-2),0.05,4.2432e+03,NL-A+F,1.6028e-35,2.8430e-02,9.6520e-36
1.0e+04,1.0000e-02,saturated (beta=1e-2),0.05,4.2432e+03,LIN-NL,1.6796e-35,2.6522e-02,9.6521e-36
1.0e+04,1.0000e-02,saturated (beta=1e-2),0.05,4.2432e+03,SHOT,1.6667e-24,1.6038e+03,1.1963e-24
1.0e+04,1.0000e-02,saturated (beta=1e-2),0.07,4.2432e+03,NL-A,4.3515e-37,2.2294e-02,2.8573e-37
1.0e+04,1.0000e-02,saturated (beta=1e-2),0.07,4.2432e+03,NL-A+F,4.3515e-37,2.2294e-02,2.8573e-37
1.0e+04,1.0000e-02,saturated (beta=1e-2),0.07,4.2432e+03,LIN-NL,4.6461e-37,2.0609e-02,2.8574e-37
1.0e+04,1.0000e-02,saturated (beta=1e-2),0.07,4.2432e+03,SHOT,1.6288e-24,1.6038e+03,1.1818e-24
1.0e+04,1.0000e-02,saturated (beta=1e-2),0.1,4.2432e+03,NL-A,1.5021e-38,1.7482e-02,1.0479e-38
1.0e+04,1.0000e-02,saturated (beta=1e-2),0.1,4.2432e+03,NL-A+F,1.5021e-38,1.7482e-02,1.0479e-38
1.0e+04,1.0000e-02,saturated (beta=1e-2),0.1,4.2432e+03,LIN-NL,1.5188e-38,1.6702e-02,1.0479e-38
1.0e+04,1.0000e-02,saturated (beta=1e-2),0.1,4.2432e+03,SHOT,1.5805e-24,1.6038e+03,1.1648e-24
1.0e+04,1.0000e-02,saturated (beta=1e-2),0.15,4.2432e+03,NL-A,8.7559e-40,1.7482e-02,7.4507e-40
1.0e+04,1.0000e-02,saturated (beta=1e-2),0.15,4.2432e+03,NL-A+F,8.7559e-40,1.7482e-02,7.4507e-40
1.0e+04,1.0000e-02,saturated (beta=1e-2),0.15,4.2432e+03,LIN-NL,8.8815e-40,1.6702e-02,7.4507e-40
1.0e+04,1.0000e-02,saturated (beta=1e-2),0.15,4.2432e+03,SHOT,1.1829e-24,1.2576e+03,9.1755e-25
1.0e+04,1.0000e-02,saturated (beta=1e-2),0.2,4.2432e+03,NL-A,4.4757e-40,2.2294e-02,4.5233e-40
1.0e+04,1.0000e-02,saturated (beta=1e-2),0.2,4.2432e+03,NL-A+F,4.4757e-40,2.2294e-02,4.5233e-40
1.0e+04,1.0000e-02,saturated (beta=1e-2),0.2,4.2432e+03,LIN-NL,4.5150e-40,2.1494e-02,4.5233e-40
1.0e+04,1.0000e-02,saturated (beta=1e-2),0.2,4.2432e+03,SHOT,1.2250e-24,1.2576e+03,9.5023e-25
1.0e+04,1.0000e-02,saturated (beta=1e-2),0.3,4.2432e+03,NL-A,8.4905e-39,5.8957e-02,9.4577e-39
1.0e+04,1.0000e-02,saturated (beta=1e-2),0.3,4.2432e+03,NL-A+F,8.4905e-39,5.8957e-02,9.4577e-39
1.0e+04,1.0000e-02,saturated (beta=1e-2),0.3,4.2432e+03,LIN-NL,8.4927e-39,6.1488e-02,9.5162e-39
1.0e+04,1.0000e-02,saturated (beta=1e-2),0.3,4.2432e+03,SHOT,1.3538e-24,1.2576e+03,1.0502e-24
1.0e+04,1.0000e-02,saturated (beta=1e-2),0.5,4.2432e+03,NL-A,4.0407e-41,1.0751e-02,1.3117e-41
1.0e+04,1.0000e-02,saturated (beta=1e-2),0.5,4.2432e+03,NL-A+F,4.0407e-41,1.0751e-02,1.3117e-41
1.0e+04,1.0000e-02,saturated (beta=1e-2),0.5,4.2432e+03,LIN-NL,4.1580e-41,1.0969e-02,1.2358e-41
1.0e+04,1.0000e-02,saturated (beta=1e-2),0.5,4.2432e+03,SHOT,1.8643e-24,1.2576e+03,1.4461e-24
1.0e+04,1.0000e-02,saturated (beta=1e-2),0.7,4.2432e+03,NL-A,6.2277e-49,1.5372e-03,1.7819e-49
1.0e+04,1.0000e-02,saturated (beta=1e-2),0.7,4.2432e+03,NL-A+F,6.2277e-49,1.5372e-03,1.7816e-49
1.0e+04,1.0000e-02,saturated (beta=1e-2),0.7,4.2432e+03,LIN-NL,6.8139e-49,1.5858e-03,1.7029e-49
1.0e+04,1.0000e-02,saturated (beta=1e-2),0.7,4.2432e+03,SHOT,3.0122e-24,1.2576e+03,2.3365e-24
1.0e+04,1.0000e-02,saturated (beta=1e-2),1.0,4.2432e+03,NL-A,1.2724e-53,2.2611e+00,1.0670e-53
1.0e+04,1.0000e-02,saturated (beta=1e-2),1.0,4.2432e+03,NL-A+F,9.5259e-54,2.2611e+00,7.4498e-54
1.0e+04,1.0000e-02,saturated (beta=1e-2),1.0,4.2432e+03,LIN-NL,2.8178e-55,8.6920e-01,8.8801e-56
1.0e+04,1.0000e-02,saturated (beta=1e-2),1.0,4.2432e+03,SHOT,8.3342e-24,1.2576e+03,6.4648e-24
1.0e+04,1.0000e-02,saturated (beta=1e-2),choptuik,4.2432e+03,NL-A,1.7912e-24,2.2611e+00,1.5023e-24
1.0e+04,1.0000e-02,saturated (beta=1e-2),choptuik,4.2432e+03,NL-A+F,1.3407e-24,2.2611e+00,1.0483e-24
1.0e+04,1.0000e-02,saturated (beta=1e-2),choptuik,4.2432e+03,LIN-NL,3.9433e-26,8.6920e-01,1.2444e-26
1.0e+04,1.0000e-02,saturated (beta=1e-2),choptuik,4.2432e+03,SHOT,1.3076e-24,1.2576e+03,1.0143e-24
1.0e+06,4.2143e-08,2012.08151 bound,mono,1.2659e+05,NL-A,6.2972e-16,1.6544e-01,8.9375e-16
1.0e+06,4.2143e-08,2012.08151 bound,mono,1.2659e+05,NL-A+F,2.2234e-16,1.6544e-01,3.6607e-16
1.0e+06,4.2143e-08,2012.08151 bound,mono,1.2659e+05,LIN-NL,5.8065e-18,1.8746e-02,2.7702e-18
1.0e+06,4.2143e-08,2012.08151 bound,mono,1.2659e+05,SHOT,8.7662e-28,2.9310e+01,6.1643e-28
1.0e+06,4.2143e-08,2012.08151 bound,1e-07,1.2659e+05,NL-A,6.2906e-16,1.6544e-01,8.9219e-16
1.0e+06,4.2143e-08,2012.08151 bound,1e-07,1.2659e+05,NL-A+F,2.2211e-16,1.6544e-01,3.6548e-16
1.0e+06,4.2143e-08,2012.08151 bound,1e-07,1.2659e+05,LIN-NL,5.8064e-18,1.8746e-02,2.7702e-18
1.0e+06,4.2143e-08,2012.08151 bound,1e-07,1.2659e+05,SHOT,8.7662e-28,2.9310e+01,6.1643e-28
1.0e+06,4.2143e-08,2012.08151 bound,1e-06,1.2659e+05,NL-A,5.6686e-16,1.6544e-01,7.7199e-16
1.0e+06,4.2143e-08,2012.08151 bound,1e-06,1.2659e+05,NL-A+F,2.0013e-16,1.6544e-01,3.2037e-16
1.0e+06,4.2143e-08,2012.08151 bound,1e-06,1.2659e+05,LIN-NL,5.7989e-18,1.8746e-02,2.7672e-18
1.0e+06,4.2143e-08,2012.08151 bound,1e-06,1.2659e+05,SHOT,8.7662e-28,2.9310e+01,6.1643e-28
1.0e+06,4.2143e-08,2012.08151 bound,1.5e-06,1.2659e+05,NL-A,4.9706e-16,1.6544e-01,6.6751e-16
1.0e+06,4.2143e-08,2012.08151 bound,1.5e-06,1.2659e+05,NL-A+F,1.7547e-16,1.6544e-01,2.8152e-16
1.0e+06,4.2143e-08,2012.08151 bound,1.5e-06,1.2659e+05,LIN-NL,5.7894e-18,1.8746e-02,2.7635e-18
1.0e+06,4.2143e-08,2012.08151 bound,1.5e-06,1.2659e+05,SHOT,8.7662e-28,2.9310e+01,6.1643e-28
1.0e+06,4.2143e-08,2012.08151 bound,2e-06,1.2659e+05,NL-A,4.1357e-16,1.6544e-01,5.6450e-16
1.0e+06,4.2143e-08,2012.08151 bound,2e-06,1.2659e+05,NL-A+F,1.4597e-16,1.6544e-01,2.4329e-16
1.0e+06,4.2143e-08,2012.08151 bound,2e-06,1.2659e+05,LIN-NL,5.7762e-18,1.8746e-02,2.7583e-18
1.0e+06,4.2143e-08,2012.08151 bound,2e-06,1.2659e+05,SHOT,8.7662e-28,2.9310e+01,6.1643e-28
1.0e+06,4.2143e-08,2012.08151 bound,3e-06,1.2659e+05,NL-A,2.7940e-16,1.2409e-01,3.9463e-16
1.0e+06,4.2143e-08,2012.08151 bound,3e-06,1.2659e+05,NL-A+F,1.0107e-16,1.2409e-01,1.7990e-16
1.0e+06,4.2143e-08,2012.08151 bound,3e-06,1.2659e+05,LIN-NL,5.7386e-18,1.8746e-02,2.7434e-18
1.0e+06,4.2143e-08,2012.08151 bound,3e-06,1.2659e+05,SHOT,8.7662e-28,2.9310e+01,6.1643e-28
1.0e+06,4.2143e-08,2012.08151 bound,5e-06,1.2659e+05,NL-A,1.3659e-16,9.3074e-02,2.0227e-16
1.0e+06,4.2143e-08,2012.08151 bound,5e-06,1.2659e+05,NL-A+F,7.1865e-17,5.2361e-02,1.0516e-16
1.0e+06,4.2143e-08,2012.08151 bound,5e-06,1.2659e+05,LIN-NL,5.6198e-18,1.8746e-02,2.6964e-18
1.0e+06,4.2143e-08,2012.08151 bound,5e-06,1.2659e+05,SHOT,8.7661e-28,2.9310e+01,6.1643e-28
1.0e+06,4.2143e-08,2012.08151 bound,7e-06,1.2659e+05,NL-A,9.3184e-17,5.2361e-02,1.1692e-16
1.0e+06,4.2143e-08,2012.08151 bound,7e-06,1.2659e+05,NL-A+F,5.5806e-17,5.2361e-02,6.8266e-17
1.0e+06,4.2143e-08,2012.08151 bound,7e-06,1.2659e+05,LIN-NL,5.4461e-18,1.8746e-02,2.6275e-18
1.0e+06,4.2143e-08,2012.08151 bound,7e-06,1.2659e+05,SHOT,8.7661e-28,2.9310e+01,6.1643e-28
1.0e+06,4.2143e-08,2012.08151 bound,1e-05,1.2659e+05,NL-A,5.4454e-17,5.2361e-02,6.0051e-17
1.0e+06,4.2143e-08,2012.08151 bound,1e-05,1.2659e+05,NL-A+F,3.7833e-17,3.9273e-02,3.9690e-17
1.0e+06,4.2143e-08,2012.08151 bound,1e-05,1.2659e+05,LIN-NL,5.0948e-18,1.8746e-02,2.4878e-18
1.0e+06,4.2143e-08,2012.08151 bound,1e-05,1.2659e+05,SHOT,8.7661e-28,2.9310e+01,6.1642e-28
1.0e+06,4.2143e-08,2012.08151 bound,1.5e-05,1.2659e+05,NL-A,2.5907e-17,3.9273e-02,2.3980e-17
1.0e+06,4.2143e-08,2012.08151 bound,1.5e-05,1.2659e+05,NL-A+F,1.8079e-17,3.9273e-02,1.7977e-17
1.0e+06,4.2143e-08,2012.08151 bound,1.5e-05,1.2659e+05,LIN-NL,4.3317e-18,1.7836e-02,2.1798e-18
1.0e+06,4.2143e-08,2012.08151 bound,1.5e-05,1.2659e+05,SHOT,8.7660e-28,2.9310e+01,6.1642e-28
1.0e+06,4.2143e-08,2012.08151 bound,2e-05,1.2659e+05,NL-A,1.2410e-17,2.9457e-02,1.0762e-17
1.0e+06,4.2143e-08,2012.08151 bound,2e-05,1.2659e+05,NL-A+F,9.8678e-18,2.9457e-02,8.7526e-18
1.0e+06,4.2143e-08,2012.08151 bound,2e-05,1.2659e+05,LIN-NL,3.5150e-18,1.7836e-02,1.8193e-18
1.0e+06,4.2143e-08,2012.08151 bound,2e-05,1.2659e+05,SHOT,8.7660e-28,2.9310e+01,6.1641e-28
1.0e+06,4.2143e-08,2012.08151 bound,3e-05,1.2659e+05,NL-A,3.1494e-18,2.2094e-02,2.7278e-18
1.0e+06,4.2143e-08,2012.08151 bound,3e-05,1.2659e+05,NL-A+F,2.9089e-18,2.2094e-02,2.4704e-18
1.0e+06,4.2143e-08,2012.08151 bound,3e-05,1.2659e+05,LIN-NL,1.9579e-18,1.6971e-02,1.1156e-18
1.0e+06,4.2143e-08,2012.08151 bound,3e-05,1.2659e+05,SHOT,8.7659e-28,2.9310e+01,6.1641e-28
1.0e+06,4.2143e-08,2012.08151 bound,5e-05,1.2659e+05,NL-A,3.8216e-19,1.6572e-02,3.4983e-19
1.0e+06,4.2143e-08,2012.08151 bound,5e-05,1.2659e+05,NL-A+F,3.8103e-19,1.6572e-02,3.4547e-19
1.0e+06,4.2143e-08,2012.08151 bound,5e-05,1.2659e+05,LIN-NL,4.0601e-19,1.4618e-02,3.0420e-19
1.0e+06,4.2143e-08,2012.08151 bound,5e-05,1.2659e+05,SHOT,8.7656e-28,2.9310e+01,6.1639e-28
1.0e+06,4.2143e-08,2012.08151 bound,7e-05,1.2659e+05,NL-A,8.8031e-20,9.3229e-03,8.0730e-20
1.0e+06,4.2143e-08,2012.08151 bound,7e-05,1.2659e+05,NL-A+F,8.8031e-20,9.3229e-03,8.0676e-20
1.0e+06,4.2143e-08,2012.08151 bound,7e-05,1.2659e+05,LIN-NL,9.6574e-20,1.0847e-02,7.9946e-20
1.0e+06,4.2143e-08,2012.08151 bound,7e-05,1.2659e+05,SHOT,8.7654e-28,2.9310e+01,6.1637e-28
1.0e+06,4.2143e-08,2012.08151 bound,0.0001,1.2659e+05,NL-A,1.8522e-20,6.9926e-03,1.5713e-20
1.0e+06,4.2143e-08,2012.08151 bound,0.0001,1.2659e+05,NL-A+F,1.8522e-20,6.9926e-03,1.5713e-20
1.0e+06,4.2143e-08,2012.08151 bound,0.0001,1.2659e+05,LIN-NL,1.9503e-20,7.6575e-03,1.5712e-20
1.0e+06,4.2143e-08,2012.08151 bound,0.0001,1.2659e+05,SHOT,8.7651e-28,2.9310e+01,6.1635e-28
1.0e+06,4.2143e-08,2012.08151 bound,0.00015,1.2659e+05,NL-A,2.8010e-21,5.2448e-03,2.1561e-21
1.0e+06,4.2143e-08,2012.08151 bound,0.00015,1.2659e+05,NL-A+F,2.8010e-21,5.2448e-03,2.1561e-21
1.0e+06,4.2143e-08,2012.08151 bound,0.00015,1.2659e+05,LIN-NL,2.8104e-21,5.4060e-03,2.1561e-21
1.0e+06,4.2143e-08,2012.08151 bound,0.00015,1.2659e+05,SHOT,8.7645e-28,2.9310e+01,6.1631e-28
1.0e+06,4.2143e-08,2012.08151 bound,0.0002,1.2659e+05,NL-A,6.3425e-22,3.9339e-03,4.7765e-22
1.0e+06,4.2143e-08,2012.08151 bound,0.0002,1.2659e+05,NL-A+F,6.3425e-22,3.9339e-03,4.7765e-22
1.0e+06,4.2143e-08,2012.08151 bound,0.0002,1.2659e+05,LIN-NL,6.4498e-22,4.2158e-03,4.7766e-22
1.0e+06,4.2143e-08,2012.08151 bound,0.0002,1.2659e+05,SHOT,8.7640e-28,2.9310e+01,6.1627e-28
1.0e+06,4.2143e-08,2012.08151 bound,0.0003,1.2659e+05,NL-A,6.8884e-23,2.9506e-03,4.8442e-23
1.0e+06,4.2143e-08,2012.08151 bound,0.0003,1.2659e+05,NL-A+F,6.8884e-23,2.9506e-03,4.8442e-23
1.0e+06,4.2143e-08,2012.08151 bound,0.0003,1.2659e+05,LIN-NL,6.8728e-23,2.9762e-03,4.8442e-23
1.0e+06,4.2143e-08,2012.08151 bound,0.0003,1.2659e+05,SHOT,8.7629e-28,2.9310e+01,6.1619e-28
1.0e+06,4.2143e-08,2012.08151 bound,0.0005,1.2659e+05,NL-A,2.7401e-24,1.6599e-03,1.9681e-24
1.0e+06,4.2143e-08,2012.08151 bound,0.0005,1.2659e+05,NL-A+F,2.7401e-24,1.6599e-03,1.9681e-24
1.0e+06,4.2143e-08,2012.08151 bound,0.0005,1.2659e+05,LIN-NL,2.9758e-24,1.9022e-03,1.9682e-24
1.0e+06,4.2143e-08,2012.08151 bound,0.0005,1.2659e+05,SHOT,8.7607e-28,2.9310e+01,6.1603e-28
1.0e+06,4.2143e-08,2012.08151 bound,0.0007,1.2659e+05,NL-A,2.7846e-25,1.2450e-03,1.9143e-25
1.0e+06,4.2143e-08,2012.08151 bound,0.0007,1.2659e+05,NL-A+F,2.7846e-25,1.2450e-03,1.9143e-25
1.0e+06,4.2143e-08,2012.08151 bound,0.0007,1.2659e+05,LIN-NL,3.0130e-25,1.4114e-03,1.9142e-25
1.0e+06,4.2143e-08,2012.08151 bound,0.0007,1.2659e+05,SHOT,8.7585e-28,2.9310e+01,6.1586e-28
1.0e+06,4.2143e-08,2012.08151 bound,0.001,1.2659e+05,NL-A,2.0552e-26,9.3384e-04,1.3176e-26
1.0e+06,4.2143e-08,2012.08151 bound,0.001,1.2659e+05,NL-A+F,2.0552e-26,9.3384e-04,1.3176e-26
1.0e+06,4.2143e-08,2012.08151 bound,0.001,1.2659e+05,LIN-NL,2.1573e-26,9.9644e-04,1.3174e-26
1.0e+06,4.2143e-08,2012.08151 bound,0.001,1.2659e+05,SHOT,8.7552e-28,2.9310e+01,6.1562e-28
1.0e+06,4.2143e-08,2012.08151 bound,0.0015,1.2659e+05,NL-A,8.2166e-28,7.0043e-04,4.8313e-28
1.0e+06,4.2143e-08,2012.08151 bound,0.0015,1.2659e+05,NL-A+F,8.2166e-28,7.0043e-04,4.8313e-28
1.0e+06,4.2143e-08,2012.08151 bound,0.0015,1.2659e+05,LIN-NL,8.2179e-28,7.0347e-04,4.8318e-28
1.0e+06,4.2143e-08,2012.08151 bound,0.0015,1.2659e+05,SHOT,8.7497e-28,2.9310e+01,6.1522e-28
1.0e+06,4.2143e-08,2012.08151 bound,0.002,1.2659e+05,NL-A,6.7411e-29,5.2536e-04,3.9181e-29
1.0e+06,4.2143e-08,2012.08151 bound,0.002,1.2659e+05,NL-A+F,6.7411e-29,5.2536e-04,3.9181e-29
1.0e+06,4.2143e-08,2012.08151 bound,0.002,1.2659e+05,LIN-NL,6.8018e-29,5.4858e-04,3.9181e-29
1.0e+06,4.2143e-08,2012.08151 bound,0.002,1.2659e+05,SHOT,8.7443e-28,2.9310e+01,6.1482e-28
1.0e+06,4.2143e-08,2012.08151 bound,0.003,1.2659e+05,NL-A,1.5797e-30,3.9405e-04,9.1148e-31
1.0e+06,4.2143e-08,2012.08151 bound,0.003,1.2659e+05,NL-A+F,1.5797e-30,3.9405e-04,9.1148e-31
1.0e+06,4.2143e-08,2012.08151 bound,0.003,1.2659e+05,LIN-NL,1.6194e-30,3.6850e-04,9.1176e-31
1.0e+06,4.2143e-08,2012.08151 bound,0.003,1.2659e+05,SHOT,8.7334e-28,2.9310e+01,6.1402e-28
1.0e+06,4.2143e-08,2012.08151 bound,0.005,1.2659e+05,NL-A,1.0294e-32,2.2168e-04,5.7915e-33
1.0e+06,4.2143e-08,2012.08151 bound,0.005,1.2659e+05,NL-A+F,1.0294e-32,2.2168e-04,5.7915e-33
1.0e+06,4.2143e-08,2012.08151 bound,0.005,1.2659e+05,LIN-NL,1.0522e-32,2.3552e-04,5.7921e-33
1.0e+06,4.2143e-08,2012.08151 bound,0.005,1.2659e+05,SHOT,8.7118e-28,2.9310e+01,6.1244e-28
1.0e+06,4.2143e-08,2012.08151 bound,0.007,1.2659e+05,NL-A,3.2273e-34,1.6627e-04,1.7612e-34
1.0e+06,4.2143e-08,2012.08151 bound,0.007,1.2659e+05,NL-A+F,3.2273e-34,1.6627e-04,1.7612e-34
1.0e+06,4.2143e-08,2012.08151 bound,0.007,1.2659e+05,LIN-NL,3.2273e-34,1.6627e-04,1.7619e-34
1.0e+06,4.2143e-08,2012.08151 bound,0.007,1.2659e+05,SHOT,8.6905e-28,2.9310e+01,6.1089e-28
1.0e+06,4.2143e-08,2012.08151 bound,0.01,1.2659e+05,NL-A,7.1028e-36,1.2471e-04,3.9011e-36
1.0e+06,4.2143e-08,2012.08151 bound,0.01,1.2659e+05,NL-A+F,7.1028e-36,1.2471e-04,3.9011e-36
1.0e+06,4.2143e-08,2012.08151 bound,0.01,1.2659e+05,LIN-NL,7.1724e-36,1.1738e-04,3.9029e-36
1.0e+06,4.2143e-08,2012.08151 bound,0.01,1.2659e+05,SHOT,8.6590e-28,2.9310e+01,6.0859e-28
1.0e+06,4.2143e-08,2012.08151 bound,0.015,1.2659e+05,NL-A,6.9124e-38,7.0160e-05,4.6587e-38
1.0e+06,4.2143e-08,2012.08151 bound,0.015,1.2659e+05,NL-A+F,6.9124e-38,7.0160e-05,4.6587e-38
1.0e+06,4.2143e-08,2012.08151 bound,0.015,1.2659e+05,LIN-NL,8.5915e-38,8.2871e-05,4.6561e-38
1.0e+06,4.2143e-08,2012.08151 bound,0.015,1.2659e+05,SHOT,8.6077e-28,2.9310e+01,6.0486e-28
1.0e+06,4.2143e-08,2012.08151 bound,0.02,1.2659e+05,NL-A,2.9323e-39,7.0160e-05,1.9341e-39
1.0e+06,4.2143e-08,2012.08151 bound,0.02,1.2659e+05,NL-A+F,2.9323e-39,7.0160e-05,1.9341e-39
1.0e+06,4.2143e-08,2012.08151 bound,0.02,1.2659e+05,LIN-NL,3.5705e-39,6.1489e-05,1.9332e-39
1.0e+06,4.2143e-08,2012.08151 bound,0.02,1.2659e+05,SHOT,8.5579e-28,2.9310e+01,6.0126e-28
1.0e+06,4.2143e-08,2012.08151 bound,0.03,1.2659e+05,NL-A,3.7645e-41,3.9470e-05,2.1519e-41
1.0e+06,4.2143e-08,2012.08151 bound,0.03,1.2659e+05,NL-A+F,3.7645e-41,3.9470e-05,2.1519e-41
1.0e+06,4.2143e-08,2012.08151 bound,0.03,1.2659e+05,LIN-NL,3.9082e-41,4.1304e-05,2.1521e-41
1.0e+06,4.2143e-08,2012.08151 bound,0.03,1.2659e+05,SHOT,8.4628e-28,2.9310e+01,5.9441e-28
1.0e+06,4.2143e-08,2012.08151 bound,0.05,1.2659e+05,NL-A,1.2669e-43,2.9605e-05,8.1948e-44
1.0e+06,4.2143e-08,2012.08151 bound,0.05,1.2659e+05,NL-A+F,1.2669e-43,2.9605e-05,8.1948e-44
1.0e+06,4.2143e-08,2012.08151 bound,0.05,1.2659e+05,LIN-NL,1.4217e-43,2.6399e-05,8.1942e-44
1.0e+06,4.2143e-08,2012.08151 bound,0.05,1.2659e+05,SHOT,8.2892e-28,2.9310e+01,5.8208e-28
1.0e+06,4.2143e-08,2012.08151 bound,0.07,1.2659e+05,NL-A,3.9120e-45,2.2205e-05,2.5414e-45
1.0e+06,4.2143e-08,2012.08151 bound,0.07,1.2659e+05,NL-A+F,3.9120e-45,2.2205e-05,2.5414e-45
1.0e+06,4.2143e-08,2012.08151 bound,0.07,1.2659e+05,LIN-NL,4.1310e-45,2.0586e-05,2.5414e-45
1.0e+06,4.2143e-08,2012.08151 bound,0.07,1.2659e+05,SHOT,8.1370e-28,2.9310e+01,5.7145e-28
1.0e+06,4.2143e-08,2012.08151 bound,0.1,1.2659e+05,NL-A,1.3901e-46,1.6655e-05,9.5857e-47
1.0e+06,4.2143e-08,2012.08151 bound,0.1,1.2659e+05,NL-A+F,1.3901e-46,1.6655e-05,9.5857e-47
1.0e+06,4.2143e-08,2012.08151 bound,0.1,1.2659e+05,LIN-NL,1.3913e-46,1.6872e-05,9.5855e-47
1.0e+06,4.2143e-08,2012.08151 bound,0.1,1.2659e+05,SHOT,7.9458e-28,2.9310e+01,5.5840e-28
1.0e+06,4.2143e-08,2012.08151 bound,0.15,1.2659e+05,NL-A,8.2072e-48,1.6655e-05,6.8526e-48
1.0e+06,4.2143e-08,2012.08151 bound,0.15,1.2659e+05,NL-A+F,8.2072e-48,1.6655e-05,6.8526e-48
1.0e+06,4.2143e-08,2012.08151 bound,0.15,1.2659e+05,LIN-NL,8.1918e-48,1.6872e-05,6.8526e-48
1.0e+06,4.2143e-08,2012.08151 bound,0.15,1.2659e+05,SHOT,5.6468e-28,2.9310e+01,4.1062e-28
1.0e+06,4.2143e-08,2012.08151 bound,0.2,1.2659e+05,NL-A,3.9823e-48,2.2205e-05,3.9968e-48
1.0e+06,4.2143e-08,2012.08151 bound,0.2,1.2659e+05,NL-A+F,3.9823e-48,2.2205e-05,3.9968e-48
1.0e+06,4.2143e-08,2012.08151 bound,0.2,1.2659e+05,LIN-NL,4.0332e-48,2.0586e-05,3.9968e-48
1.0e+06,4.2143e-08,2012.08151 bound,0.2,1.2659e+05,SHOT,5.8479e-28,2.9310e+01,4.2524e-28
1.0e+06,4.2143e-08,2012.08151 bound,0.3,1.2659e+05,NL-A,5.7420e-47,5.2623e-05,6.4909e-47
1.0e+06,4.2143e-08,2012.08151 bound,0.3,1.2659e+05,NL-A+F,5.7420e-47,5.2623e-05,6.4909e-47
1.0e+06,4.2143e-08,2012.08151 bound,0.3,1.2659e+05,LIN-NL,5.7494e-47,5.5667e-05,6.5073e-47
1.0e+06,4.2143e-08,2012.08151 bound,0.3,1.2659e+05,SHOT,6.4629e-28,2.9310e+01,4.6996e-28
1.0e+06,4.2143e-08,2012.08151 bound,0.5,1.2659e+05,NL-A,2.0298e-49,9.3696e-06,6.5895e-50
1.0e+06,4.2143e-08,2012.08151 bound,0.5,1.2659e+05,NL-A+F,2.0298e-49,9.3696e-06,6.5895e-50
1.0e+06,4.2143e-08,2012.08151 bound,0.5,1.2659e+05,LIN-NL,3.1777e-49,1.0784e-05,9.6233e-50
1.0e+06,4.2143e-08,2012.08151 bound,0.5,1.2659e+05,SHOT,8.8998e-28,2.9310e+01,6.4717e-28
1.0e+06,4.2143e-08,2012.08151 bound,0.7,1.2659e+05,NL-A,6.5406e-57,1.6683e-06,2.2810e-57
1.0e+06,4.2143e-08,2012.08151 bound,0.7,1.2659e+05,NL-A+F,6.5406e-57,1.6683e-06,2.2810e-57
1.0e+06,4.2143e-08,2012.08151 bound,0.7,1.2659e+05,LIN-NL,6.7598e-57,1.6291e-06,1.6476e-57
1.0e+06,4.2143e-08,2012.08151 bound,0.7,1.2659e+05,SHOT,1.4379e-27,2.9310e+01,1.0456e-27
1.0e+06,4.2143e-08,2012.08151 bound,1.0,1.2659e+05,NL-A,5.3529e-63,2.2094e-02,1.2122e-62
1.0e+06,4.2143e-08,2012.08151 bound,1.0,1.2659e+05,NL-A+F,5.2600e-63,1.6572e-02,1.1067e-62
1.0e+06,4.2143e-08,2012.08151 bound,1.0,1.2659e+05,LIN-NL,5.1862e-63,1.5364e-02,7.6159e-63
1.0e+06,4.2143e-08,2012.08151 bound,1.0,1.2659e+05,SHOT,3.9786e-27,2.9310e+01,2.8931e-27
1.0e+06,4.2143e-08,2012.08151 bound,choptuik,1.2659e+05,NL-A,7.5888e-34,2.2094e-02,1.7188e-33
1.0e+06,4.2143e-08,2012.08151 bound,choptuik,1.2659e+05,NL-A+F,7.4571e-34,1.6572e-02,1.5691e-33
1.0e+06,4.2143e-08,2012.08151 bound,choptuik,1.2659e+05,LIN-NL,7.3525e-34,1.5364e-02,1.0799e-33
1.0e+06,4.2143e-08,2012.08151 bound,choptuik,1.2659e+05,SHOT,6.2425e-28,2.9310e+01,4.5393e-28
1.0e+06,1.0000e-02,saturated (beta=1e-2),mono,1.5760e+04,NL-A,2.8251e-13,9.3229e-03,3.4948e-13
1.0e+06,1.0000e-02,saturated (beta=1e-2),mono,1.5760e+04,NL-A+F,2.1814e-13,9.3229e-03,1.7601e-13
1.0e+06,1.0000e-02,saturated (beta=1e-2),mono,1.5760e+04,LIN-NL,1.4332e-16,3.4552e-03,3.0872e-17
1.0e+06,1.0000e-02,saturated (beta=1e-2),mono,1.5760e+04,SHOT,8.7662e-28,2.9310e+01,6.1643e-28
1.0e+06,1.0000e-02,saturated (beta=1e-2),1e-07,1.5760e+04,NL-A,2.8251e-13,9.3229e-03,3.4947e-13
1.0e+06,1.0000e-02,saturated (beta=1e-2),1e-07,1.5760e+04,NL-A+F,2.1814e-13,9.3229e-03,1.7601e-13
1.0e+06,1.0000e-02,saturated (beta=1e-2),1e-07,1.5760e+04,LIN-NL,1.4332e-16,3.4552e-03,3.0872e-17
1.0e+06,1.0000e-02,saturated (beta=1e-2),1e-07,1.5760e+04,SHOT,8.7662e-28,2.9310e+01,6.1643e-28
1.0e+06,1.0000e-02,saturated (beta=1e-2),1e-06,1.5760e+04,NL-A,2.8241e-13,9.3229e-03,3.4891e-13
1.0e+06,1.0000e-02,saturated (beta=1e-2),1e-06,1.5760e+04,NL-A+F,2.1807e-13,9.3229e-03,1.7584e-13
1.0e+06,1.0000e-02,saturated (beta=1e-2),1e-06,1.5760e+04,LIN-NL,1.4331e-16,3.4552e-03,3.0870e-17
1.0e+06,1.0000e-02,saturated (beta=1e-2),1e-06,1.5760e+04,SHOT,8.7662e-28,2.9310e+01,6.1643e-28
1.0e+06,1.0000e-02,saturated (beta=1e-2),1.5e-06,1.5760e+04,NL-A,2.8230e-13,9.3229e-03,3.4821e-13
1.0e+06,1.0000e-02,saturated (beta=1e-2),1.5e-06,1.5760e+04,NL-A+F,2.1798e-13,9.3229e-03,1.7563e-13
1.0e+06,1.0000e-02,saturated (beta=1e-2),1.5e-06,1.5760e+04,LIN-NL,1.4330e-16,3.4552e-03,3.0869e-17
1.0e+06,1.0000e-02,saturated (beta=1e-2),1.5e-06,1.5760e+04,SHOT,8.7662e-28,2.9310e+01,6.1643e-28
1.0e+06,1.0000e-02,saturated (beta=1e-2),2e-06,1.5760e+04,NL-A,2.8214e-13,9.3229e-03,3.4724e-13
1.0e+06,1.0000e-02,saturated (beta=1e-2),2e-06,1.5760e+04,NL-A+F,2.1785e-13,9.3229e-03,1.7534e-13
1.0e+06,1.0000e-02,saturated (beta=1e-2),2e-06,1.5760e+04,LIN-NL,1.4329e-16,3.4552e-03,3.0867e-17
1.0e+06,1.0000e-02,saturated (beta=1e-2),2e-06,1.5760e+04,SHOT,8.7662e-28,2.9310e+01,6.1643e-28
1.0e+06,1.0000e-02,saturated (beta=1e-2),3e-06,1.5760e+04,NL-A,2.8167e-13,9.3229e-03,3.4452e-13
1.0e+06,1.0000e-02,saturated (beta=1e-2),3e-06,1.5760e+04,NL-A+F,2.1750e-13,9.3229e-03,1.7452e-13
1.0e+06,1.0000e-02,saturated (beta=1e-2),3e-06,1.5760e+04,LIN-NL,1.4326e-16,3.4552e-03,3.0861e-17
1.0e+06,1.0000e-02,saturated (beta=1e-2),3e-06,1.5760e+04,SHOT,8.7662e-28,2.9310e+01,6.1643e-28
1.0e+06,1.0000e-02,saturated (beta=1e-2),5e-06,1.5760e+04,NL-A,2.8019e-13,9.3229e-03,3.3628e-13
1.0e+06,1.0000e-02,saturated (beta=1e-2),5e-06,1.5760e+04,NL-A+F,2.1636e-13,9.3229e-03,1.7200e-13
1.0e+06,1.0000e-02,saturated (beta=1e-2),5e-06,1.5760e+04,LIN-NL,1.4316e-16,3.4552e-03,3.0841e-17
1.0e+06,1.0000e-02,saturated (beta=1e-2),5e-06,1.5760e+04,SHOT,8.7662e-28,2.9310e+01,6.1643e-28
1.0e+06,1.0000e-02,saturated (beta=1e-2),7e-06,1.5760e+04,NL-A,2.7799e-13,9.3229e-03,3.2501e-13
1.0e+06,1.0000e-02,saturated (beta=1e-2),7e-06,1.5760e+04,NL-A+F,2.1466e-13,9.3229e-03,1.6848e-13
1.0e+06,1.0000e-02,saturated (beta=1e-2),7e-06,1.5760e+04,LIN-NL,1.4301e-16,3.4552e-03,3.0812e-17
1.0e+06,1.0000e-02,saturated (beta=1e-2),7e-06,1.5760e+04,SHOT,8.7661e-28,2.9310e+01,6.1643e-28
1.0e+06,1.0000e-02,saturated (beta=1e-2),1e-05,1.5760e+04,NL-A,2.7337e-13,9.3229e-03,3.0427e-13
1.0e+06,1.0000e-02,saturated (beta=1e-2),1e-05,1.5760e+04,NL-A+F,2.1110e-13,9.3229e-03,1.6177e-13
1.0e+06,1.0000e-02,saturated (beta=1e-2),1e-05,1.5760e+04,LIN-NL,1.4269e-16,3.4552e-03,3.0750e-17
1.0e+06,1.0000e-02,saturated (beta=1e-2),1e-05,1.5760e+04,SHOT,8.7661e-28,2.9310e+01,6.1642e-28
1.0e+06,1.0000e-02,saturated (beta=1e-2),1.5e-05,1.5760e+04,NL-A,2.6236e-13,9.3229e-03,2.6538e-13
1.0e+06,1.0000e-02,saturated (beta=1e-2),1.5e-05,1.5760e+04,NL-A+F,2.0261e-13,9.3229e-03,1.4825e-13
1.0e+06,1.0000e-02,saturated (beta=1e-2),1.5e-05,1.5760e+04,LIN-NL,1.4191e-16,3.4552e-03,3.0599e-17
1.0e+06,1.0000e-02,saturated (beta=1e-2),1.5e-05,1.5760e+04,SHOT,8.7660e-28,2.9310e+01,6.1642e-28
1.0e+06,1.0000e-02,saturated (beta=1e-2),2e-05,1.5760e+04,NL-A,2.4769e-13,9.3229e-03,2.2719e-13
1.0e+06,1.0000e-02,saturated (beta=1e-2),2e-05,1.5760e+04,NL-A+F,1.9131e-13,9.3229e-03,1.3353e-13
1.0e+06,1.0000e-02,saturated (beta=1e-2),2e-05,1.5760e+04,LIN-NL,1.4083e-16,3.4552e-03,3.0390e-17
1.0e+06,1.0000e-02,saturated (beta=1e-2),2e-05,1.5760e+04,SHOT,8.7660e-28,2.9310e+01,6.1642e-28
1.0e+06,1.0000e-02,saturated (beta=1e-2),3e-05,1.5760e+04,NL-A,2.1014e-13,9.3229e-03,1.6295e-13
1.0e+06,1.0000e-02,saturated (beta=1e-2),3e-05,1.5760e+04,NL-A+F,1.6236e-13,9.3229e-03,1.0448e-13
1.0e+06,1.0000e-02,saturated (beta=1e-2),3e-05,1.5760e+04,LIN-NL,1.3778e-16,3.4552e-03,2.9798e-17
1.0e+06,1.0000e-02,saturated (beta=1e-2),3e-05,1.5760e+04,SHOT,8.7659e-28,2.9310e+01,6.1641e-28
1.0e+06,1.0000e-02,saturated (beta=1e-2),5e-05,1.5760e+04,NL-A,1.2422e-13,9.3229e-03,8.0134e-14
1.0e+06,1.0000e-02,saturated (beta=1e-2),5e-05,1.5760e+04,NL-A+F,9.6081e-14,9.3229e-03,5.7112e-14
1.0e+06,1.0000e-02,saturated (beta=1e-2),5e-05,1.5760e+04,LIN-NL,1.2845e-16,3.4552e-03,2.7984e-17
1.0e+06,1.0000e-02,saturated (beta=1e-2),5e-05,1.5760e+04,SHOT,8.7657e-28,2.9310e+01,6.1639e-28
1.0e+06,1.0000e-02,saturated (beta=1e-2),7e-05,1.5760e+04,NL-A,5.6507e-14,9.3229e-03,3.6872e-14
1.0e+06,1.0000e-02,saturated (beta=1e-2),7e-05,1.5760e+04,NL-A+F,4.3773e-14,9.3229e-03,2.7604e-14
1.0e+06,1.0000e-02,saturated (beta=1e-2),7e-05,1.5760e+04,LIN-NL,1.1564e-16,3.4552e-03,2.5473e-17
1.0e+06,1.0000e-02,saturated (beta=1e-2),7e-05,1.5760e+04,SHOT,8.7654e-28,2.9310e+01,6.1638e-28
1.0e+06,1.0000e-02,saturated (beta=1e-2),0.0001,1.5760e+04,NL-A,1.7434e-14,6.9927e-03,1.0437e-14
1.0e+06,1.0000e-02,saturated (beta=1e-2),0.0001,1.5760e+04,NL-A+F,1.3562e-14,6.9927e-03,7.9977e-15
1.0e+06,1.0000e-02,saturated (beta=1e-2),0.0001,1.5760e+04,LIN-NL,9.2495e-17,3.4552e-03,2.0881e-17
1.0e+06,1.0000e-02,saturated (beta=1e-2),0.0001,1.5760e+04,SHOT,8.7651e-28,2.9310e+01,6.1635e-28
1.0e+06,1.0000e-02,saturated (beta=1e-2),0.00015,1.5760e+04,NL-A,1.8058e-15,5.2449e-03,1.2018e-15
1.0e+06,1.0000e-02,saturated (beta=1e-2),0.00015,1.5760e+04,NL-A+F,1.3532e-15,6.9927e-03,9.1442e-16
1.0e+06,1.0000e-02,saturated (beta=1e-2),0.00015,1.5760e+04,LIN-NL,5.3505e-17,3.4552e-03,1.2903e-17
1.0e+06,1.0000e-02,saturated (beta=1e-2),0.00015,1.5760e+04,SHOT,8.7646e-28,2.9310e+01,6.1631e-28
1.0e+06,1.0000e-02,saturated (beta=1e-2),0.0002,1.5760e+04,NL-A,2.9472e-16,5.2449e-03,1.5432e-16
1.0e+06,1.0000e-02,saturated (beta=1e-2),0.0002,1.5760e+04,NL-A+F,2.1382e-16,5.2449e-03,1.1746e-16
1.0e+06,1.0000e-02,saturated (beta=1e-2),0.0002,1.5760e+04,LIN-NL,2.4864e-17,3.4552e-03,6.6737e-18
1.0e+06,1.0000e-02,saturated (beta=1e-2),0.0002,1.5760e+04,SHOT,8.7640e-28,2.9310e+01,6.1627e-28
1.0e+06,1.0000e-02,saturated (beta=1e-2),0.0003,1.5760e+04,NL-A,8.3745e-18,3.9339e-03,4.0098e-18
1.0e+06,1.0000e-02,saturated (beta=1e-2),0.0003,1.5760e+04,NL-A+F,6.6274e-18,3.9339e-03,3.3495e-18
1.0e+06,1.0000e-02,saturated (beta=1e-2),0.0003,1.5760e+04,LIN-NL,3.4056e-18,3.1280e-03,1.1265e-18
1.0e+06,1.0000e-02,saturated (beta=1e-2),0.0003,1.5760e+04,SHOT,8.7629e-28,2.9310e+01,6.1619e-28
1.0e+06,1.0000e-02,saturated (beta=1e-2),0.0005,1.5760e+04,NL-A,2.2518e-20,2.2131e-03,1.3764e-20
1.0e+06,1.0000e-02,saturated (beta=1e-2),0.0005,1.5760e+04,NL-A+F,2.2518e-20,2.2131e-03,1.3650e-20
1.0e+06,1.0000e-02,saturated (beta=1e-2),0.0005,1.5760e+04,LIN-NL,2.5957e-20,2.4393e-03,1.2990e-20
1.0e+06,1.0000e-02,saturated (beta=1e-2),0.0005,1.5760e+04,SHOT,8.7607e-28,2.9310e+01,6.1603e-28
1.0e+06,1.0000e-02,saturated (beta=1e-2),0.0007,1.5760e+04,NL-A,4.9091e-22,1.6600e-03,2.7324e-22
1.0e+06,1.0000e-02,saturated (beta=1e-2),0.0007,1.5760e+04,NL-A+F,4.9091e-22,1.6600e-03,2.7322e-22
1.0e+06,1.0000e-02,saturated (beta=1e-2),0.0007,1.5760e+04,LIN-NL,5.1480e-22,1.8099e-03,2.7320e-22
1.0e+06,1.0000e-02,saturated (beta=1e-2),0.0007,1.5760e+04,SHOT,8.7585e-28,2.9310e+01,6.1587e-28
1.0e+06,1.0000e-02,saturated (beta=1e-2),0.001,1.5760e+04,NL-A,8.0900e-24,1.2450e-03,4.2736e-24
1.0e+06,1.0000e-02,saturated (beta=1e-2),0.001,1.5760e+04,NL-A+F,8.0900e-24,1.2450e-03,4.2736e-24
1.0e+06,1.0000e-02,saturated (beta=1e-2),0.001,1.5760e+04,LIN-NL,8.0421e-24,1.2158e-03,4.2769e-24
1.0e+06,1.0000e-02,saturated (beta=1e-2),0.001,1.5760e+04,SHOT,8.7552e-28,2.9310e+01,6.1562e-28
1.0e+06,1.0000e-02,saturated (beta=1e-2),0.0015,1.5760e+04,NL-A,6.0104e-26,9.3385e-04,3.7901e-26
1.0e+06,1.0000e-02,saturated (beta=1e-2),0.0015,1.5760e+04,NL-A+F,6.0104e-26,9.3385e-04,3.7901e-26
1.0e+06,1.0000e-02,saturated (beta=1e-2),0.0015,1.5760e+04,LIN-NL,7.1456e-26,8.1667e-04,3.7877e-26
1.0e+06,1.0000e-02,saturated (beta=1e-2),0.0015,1.5760e+04,SHOT,8.7497e-28,2.9310e+01,6.1522e-28
1.0e+06,1.0000e-02,saturated (beta=1e-2),0.002,1.5760e+04,NL-A,2.1007e-27,7.0043e-04,1.3246e-27
1.0e+06,1.0000e-02,saturated (beta=1e-2),0.002,1.5760e+04,NL-A+F,2.1007e-27,7.0043e-04,1.3246e-27
1.0e+06,1.0000e-02,saturated (beta=1e-2),0.002,1.5760e+04,LIN-NL,2.4878e-27,6.3686e-04,1.3237e-27
1.0e+06,1.0000e-02,saturated (beta=1e-2),0.002,1.5760e+04,SHOT,8.7443e-28,2.9310e+01,6.1482e-28
1.0e+06,1.0000e-02,saturated (beta=1e-2),0.003,1.5760e+04,NL-A,2.1512e-29,3.9405e-04,1.1714e-29
1.0e+06,1.0000e-02,saturated (beta=1e-2),0.003,1.5760e+04,NL-A+F,2.1512e-29,3.9405e-04,1.1714e-29
1.0e+06,1.0000e-02,saturated (beta=1e-2),0.003,1.5760e+04,LIN-NL,2.2070e-29,4.0704e-04,1.1718e-29
1.0e+06,1.0000e-02,saturated (beta=1e-2),0.003,1.5760e+04,SHOT,8.7334e-28,2.9310e+01,6.1403e-28
1.0e+06,1.0000e-02,saturated (beta=1e-2),0.005,1.5760e+04,NL-A,4.9695e-32,2.2168e-04,3.0421e-32
1.0e+06,1.0000e-02,saturated (beta=1e-2),0.005,1.5760e+04,NL-A+F,4.9695e-32,2.2168e-04,3.0421e-32
1.0e+06,1.0000e-02,saturated (beta=1e-2),0.005,1.5760e+04,LIN-NL,5.7443e-32,2.4753e-04,3.0403e-32
1.0e+06,1.0000e-02,saturated (beta=1e-2),0.005,1.5760e+04,SHOT,8.7118e-28,2.9310e+01,6.1245e-28
1.0e+06,1.0000e-02,saturated (beta=1e-2),0.007,1.5760e+04,NL-A,1.0819e-33,1.6627e-04,6.0317e-34
1.0e+06,1.0000e-02,saturated (beta=1e-2),0.007,1.5760e+04,NL-A+F,1.0819e-33,1.6627e-04,6.0317e-34
1.0e+06,1.0000e-02,saturated (beta=1e-2),0.007,1.5760e+04,LIN-NL,1.1348e-33,1.7475e-04,6.0323e-34
1.0e+06,1.0000e-02,saturated (beta=1e-2),0.007,1.5760e+04,SHOT,8.6905e-28,2.9310e+01,6.1089e-28
1.0e+06,1.0000e-02,saturated (beta=1e-2),0.01,1.5760e+04,NL-A,1.7904e-35,1.2471e-04,9.4914e-36
1.0e+06,1.0000e-02,saturated (beta=1e-2),0.01,1.5760e+04,NL-A+F,1.7904e-35,1.2471e-04,9.4914e-36
1.0e+06,1.0000e-02,saturated (beta=1e-2),0.01,1.5760e+04,LIN-NL,1.7875e-35,1.2337e-04,9.4984e-36
1.0e+06,1.0000e-02,saturated (beta=1e-2),0.01,1.5760e+04,SHOT,8.6590e-28,2.9310e+01,6.0859e-28
1.0e+06,1.0000e-02,saturated (beta=1e-2),0.015,1.5760e+04,NL-A,1.3759e-37,9.3541e-05,8.5774e-38
1.0e+06,1.0000e-02,saturated (beta=1e-2),0.015,1.5760e+04,NL-A+F,1.3759e-37,9.3541e-05,8.5774e-38
1.0e+06,1.0000e-02,saturated (beta=1e-2),0.015,1.5760e+04,LIN-NL,1.6074e-37,8.2872e-05,8.5727e-38
1.0e+06,1.0000e-02,saturated (beta=1e-2),0.015,1.5760e+04,SHOT,8.6078e-28,2.9310e+01,6.0486e-28
1.0e+06,1.0000e-02,saturated (beta=1e-2),0.02,1.5760e+04,NL-A,4.9997e-39,7.0160e-05,3.0836e-39
1.0e+06,1.0000e-02,saturated (beta=1e-2),0.02,1.5760e+04,NL-A+F,4.9997e-39,7.0160e-05,3.0836e-39
1.0e+06,1.0000e-02,saturated (beta=1e-2),0.02,1.5760e+04,LIN-NL,5.7102e-39,6.1490e-05,3.0823e-39
1.0e+06,1.0000e-02,saturated (beta=1e-2),0.02,1.5760e+04,SHOT,8.5580e-28,2.9310e+01,6.0126e-28
1.0e+06,1.0000e-02,saturated (beta=1e-2),0.03,1.5760e+04,NL-A,5.1052e-41,3.9470e-05,2.9656e-41
1.0e+06,1.0000e-02,saturated (beta=1e-2),0.03,1.5760e+04,NL-A+F,5.1052e-41,3.9470e-05,2.9656e-41
1.0e+06,1.0000e-02,saturated (beta=1e-2),0.03,1.5760e+04,LIN-NL,5.4153e-41,4.3411e-05,2.9656e-41
1.0e+06,1.0000e-02,saturated (beta=1e-2),0.03,1.5760e+04,SHOT,8.4628e-28,2.9310e+01,5.9441e-28
1.0e+06,1.0000e-02,saturated (beta=1e-2),0.05,1.5760e+04,NL-A,1.5940e-43,2.9605e-05,1.0064e-43
1.0e+06,1.0000e-02,saturated (beta=1e-2),0.05,1.5760e+04,NL-A+F,1.5940e-43,2.9605e-05,1.0064e-43
1.0e+06,1.0000e-02,saturated (beta=1e-2),0.05,1.5760e+04,LIN-NL,1.7452e-43,2.6399e-05,1.0063e-43
1.0e+06,1.0000e-02,saturated (beta=1e-2),0.05,1.5760e+04,SHOT,8.2893e-28,2.9310e+01,5.8208e-28
1.0e+06,1.0000e-02,saturated (beta=1e-2),0.07,1.5760e+04,NL-A,4.6501e-45,2.2205e-05,2.9830e-45
1.0e+06,1.0000e-02,saturated (beta=1e-2),0.07,1.5760e+04,NL-A+F,4.6501e-45,2.2205e-05,2.9828e-45
1.0e+06,1.0000e-02,saturated (beta=1e-2),0.07,1.5760e+04,LIN-NL,4.8497e-45,2.0586e-05,2.9823e-45
1.0e+06,1.0000e-02,saturated (beta=1e-2),0.07,1.5760e+04,SHOT,8.1370e-28,2.9310e+01,5.7145e-28
1.0e+06,1.0000e-02,saturated (beta=1e-2),0.1,1.5760e+04,NL-A,1.5831e-46,1.6655e-05,1.0963e-46
1.0e+06,1.0000e-02,saturated (beta=1e-2),0.1,1.5760e+04,NL-A+F,1.5831e-46,1.6655e-05,1.0960e-46
1.0e+06,1.0000e-02,saturated (beta=1e-2),0.1,1.5760e+04,LIN-NL,1.5871e-46,1.6872e-05,1.0954e-46
1.0e+06,1.0000e-02,saturated (beta=1e-2),0.1,1.5760e+04,SHOT,7.9458e-28,2.9310e+01,5.5840e-28
1.0e+06,1.0000e-02,saturated (beta=1e-2),0.15,1.5760e+04,NL-A,9.3465e-48,1.6655e-05,7.8442e-48
1.0e+06,1.0000e-02,saturated (beta=1e-2),0.15,1.5760e+04,NL-A+F,9.3465e-48,1.6655e-05,7.8423e-48
1.0e+06,1.0000e-02,saturated (beta=1e-2),0.15,1.5760e+04,LIN-NL,9.3448e-48,1.6872e-05,7.8369e-48
1.0e+06,1.0000e-02,saturated (beta=1e-2),0.15,1.5760e+04,SHOT,5.6468e-28,2.9310e+01,4.1062e-28
1.0e+06,1.0000e-02,saturated (beta=1e-2),0.2,1.5760e+04,NL-A,4.7336e-48,2.2205e-05,4.7593e-48
1.0e+06,1.0000e-02,saturated (beta=1e-2),0.2,1.5760e+04,NL-A+F,4.7336e-48,2.2205e-05,4.7590e-48
1.0e+06,1.0000e-02,saturated (beta=1e-2),0.2,1.5760e+04,LIN-NL,4.7534e-48,2.1636e-05,4.7583e-48
1.0e+06,1.0000e-02,saturated (beta=1e-2),0.2,1.5760e+04,SHOT,5.8479e-28,2.9310e+01,4.2524e-28
1.0e+06,1.0000e-02,saturated (beta=1e-2),0.3,1.5760e+04,NL-A,8.6458e-47,7.0160e-05,9.7938e-47
1.0e+06,1.0000e-02,saturated (beta=1e-2),0.3,1.5760e+04,NL-A+F,8.6458e-47,7.0160e-05,9.7938e-47
1.0e+06,1.0000e-02,saturated (beta=1e-2),0.3,1.5760e+04,LIN-NL,8.9396e-47,6.1490e-05,9.8257e-47
1.0e+06,1.0000e-02,saturated (beta=1e-2),0.3,1.5760e+04,SHOT,6.4629e-28,2.9310e+01,4.6996e-28
1.0e+06,1.0000e-02,saturated (beta=1e-2),0.5,1.5760e+04,NL-A,2.1845e-49,9.3697e-06,7.0758e-50
1.0e+06,1.0000e-02,saturated (beta=1e-2),0.5,1.5760e+04,NL-A+F,2.1845e-49,9.3697e-06,7.0758e-50
1.0e+06,1.0000e-02,saturated (beta=1e-2),0.5,1.5760e+04,LIN-NL,3.4576e-49,1.0784e-05,1.0404e-49
1.0e+06,1.0000e-02,saturated (beta=1e-2),0.5,1.5760e+04,SHOT,8.8999e-28,2.9310e+01,6.4717e-28
1.0e+06,1.0000e-02,saturated (beta=1e-2),0.7,1.5760e+04,NL-A,3.4911e-56,6.9927e-03,3.0295e-56
1.0e+06,1.0000e-02,saturated (beta=1e-2),0.7,1.5760e+04,NL-A+F,2.7037e-56,6.9927e-03,2.3024e-56
1.0e+06,1.0000e-02,saturated (beta=1e-2),0.7,1.5760e+04,LIN-NL,6.8470e-57,1.6291e-06,1.8939e-57
1.0e+06,1.0000e-02,saturated (beta=1e-2),0.7,1.5760e+04,SHOT,1.4379e-27,2.9310e+01,1.0456e-27
1.0e+06,1.0000e-02,saturated (beta=1e-2),1.0,1.5760e+04,NL-A,3.3765e-57,6.9927e-03,2.7067e-57
1.0e+06,1.0000e-02,saturated (beta=1e-2),1.0,1.5760e+04,NL-A+F,2.6150e-57,6.9927e-03,2.0035e-57
1.0e+06,1.0000e-02,saturated (beta=1e-2),1.0,1.5760e+04,LIN-NL,7.0612e-59,3.2876e-03,2.1927e-59
1.0e+06,1.0000e-02,saturated (beta=1e-2),1.0,1.5760e+04,SHOT,3.9786e-27,2.9310e+01,2.8931e-27
1.0e+06,1.0000e-02,saturated (beta=1e-2),choptuik,1.5760e+04,NL-A,4.7866e-28,6.9927e-03,3.8366e-28
1.0e+06,1.0000e-02,saturated (beta=1e-2),choptuik,1.5760e+04,NL-A+F,3.7071e-28,6.9927e-03,2.8398e-28
1.0e+06,1.0000e-02,saturated (beta=1e-2),choptuik,1.5760e+04,LIN-NL,9.9856e-30,3.2876e-03,3.1013e-30
1.0e+06,1.0000e-02,saturated (beta=1e-2),choptuik,1.5760e+04,SHOT,6.2425e-28,2.9310e+01,4.5393e-28
